Player Name,Player Reference,Game Reference,Team,Period,Starter,MP,TS%,eFG%,3PAr,FTr,ORB%,DRB%,TRB%,AST%,STL%,BLK%,TOV%,USG%,ORtg,DRtg,BPM
Kiki Vandeweghe,vandeki01,198304190PHO,DEN,game,True,46:00,.739,.684,.053,.316,0.0,8.9,4.8,10.6,1.0,1.0,4.4,19.3,151,115,
Alex English,englial01,198304190PHO,DEN,game,True,38:00,.388,.278,.056,.333,3.2,10.8,7.3,13.8,1.2,1.2,25.3,28.5,72,114,
T.R. Dunn,dunntr01,198304190PHO,DEN,game,True,37:00,.333,.333,.000,.000,16.2,19.3,17.9,3.2,3.7,0.0,25.0,8.5,84,107,
Dan Issel,isselda01,198304190PHO,DEN,game,True,31:00,.633,.611,.000,.222,3.9,19.8,12.5,11.9,0.0,0.0,16.8,30.0,111,114,
Mike Evans,evansmi01,198304190PHO,DEN,game,True,24:00,.457,.357,.286,.571,0.0,0.0,0.0,20.5,0.0,0.0,31.3,20.8,79,121,
Danny Schayes,schayda01,198304190PHO,DEN,game,False,24:00,.571,.571,.000,.000,10.0,12.8,11.5,5.7,0.0,0.0,12.5,13.1,115,117,
Billy McKinney,mckinbi01,198304190PHO,DEN,game,False,22:00,.619,.625,.000,.250,10.9,0.0,5.0,0.0,0.0,0.0,25.3,21.1,97,121,
Bill Hanzlik,hanzlbi01,198304190PHO,DEN,game,False,18:00,.291,.167,.167,.333,6.7,22.7,15.3,13.2,2.5,0.0,12.7,17.1,77,108,
Maurice Lucas,lucasma01,198304190PHO,PHO,game,True,40:00,.535,.533,.000,.133,10.2,6.0,8.3,14.2,2.3,0.0,11.2,16.8,118,108,
Larry Nance,nancela01,198304190PHO,PHO,game,True,35:00,.576,.538,.000,.154,8.8,13.7,11.0,3.2,3.9,4.9,22.4,19.2,101,99,
Dennis Johnson,johnsde01,198304190PHO,PHO,game,True,34:00,.704,.684,.000,.105,12.0,28.2,19.5,33.6,5.3,0.0,20.1,27.5,125,96,
Walter Davis,daviswa03,198304190PHO,PHO,game,True,33:00,.393,.364,.000,.091,3.1,10.9,6.7,7.2,4.1,5.2,11.6,29.5,87,99,
Alvan Adams,adamsal01,198304190PHO,PHO,game,True,28:00,.652,.571,.000,.714,0.0,21.4,9.9,7.6,1.6,4.1,9.8,13.7,133,102,
James Edwards,edwarja01,198304190PHO,PHO,game,False,20:00,.543,.500,.000,.167,20.4,18.0,19.3,6.4,2.3,2.9,7.2,26.1,124,103,
Kyle Macy,macyky01,198304190PHO,PHO,game,False,15:00,.450,.375,.000,.250,0.0,8.0,3.7,30.2,3.0,0.0,10.1,24.7,109,106,
Alvin Scott,scottal01,198304190PHO,PHO,game,False,15:00,.333,.333,.000,.000,6.8,8.0,7.4,6.6,0.0,3.8,0.0,7.5,108,109,
Johnny High,highjo01,198304190PHO,PHO,game,False,14:00,.820,1.000,.000,.500,14.6,8.6,11.8,30.4,6.5,0.0,0.0,6.5,176,98,
Rory White,whitero01,198304190PHO,PHO,game,False,6:00,.532,.000,.000,2.000,0.0,0.0,0.0,0.0,0.0,0.0,0.0,11.8,141,114,
Tree Rollins,rollitr01,198304190BOS,ATL,game,True,47:00,.253,.222,.000,.222,4.0,18.2,10.6,0.0,0.0,3.5,16.8,10.7,54,102,
Dan Roundfield,roundda01,198304190BOS,ATL,game,True,41:00,.563,.550,.000,.150,9.2,41.6,24.4,11.7,1.2,1.3,15.8,26.1,103,93,
Johnny Davis,davisjo01,198304190BOS,ATL,game,True,38:00,.411,.381,.000,.095,2.5,0.0,1.3,42.2,0.0,0.0,4.4,25.4,100,110,
Dominique Wilkins,wilkido01,198304190BOS,ATL,game,True,38:00,.556,.556,.000,.111,7.4,8.4,7.9,0.0,0.0,0.0,9.6,23.2,105,108,
Rudy Macklin,macklru01,198304190BOS,ATL,game,True,22:00,.546,.500,.000,.500,4.3,9.7,6.8,0.0,2.2,0.0,12.0,16.0,102,103,
Mike Glenn,glennmi01,198304190BOS,ATL,game,False,31:00,.527,.500,.000,.100,0.0,6.9,3.2,0.0,1.5,0.0,22.3,18.3,80,105,
Tom McMillen,mcmilto01,198304190BOS,ATL,game,False,12:00,.571,.571,.000,.000,0.0,0.0,0.0,14.8,0.0,0.0,0.0,24.6,119,110,
Wes Matthews,matthwe01,198304190BOS,ATL,game,False,11:00,.000,.000,.000,.000,0.0,0.0,0.0,40.6,0.0,5.0,25.0,15.3,42,106,
Larry Bird,birdla01,198304190BOS,BOS,game,True,46:00,.553,.450,.050,.400,2.3,28.6,16.3,16.5,0.0,0.0,7.8,22.9,118,97,
Robert Parish,parisro01,198304190BOS,BOS,game,True,44:00,.450,.450,.000,.000,17.0,19.3,18.2,0.0,0.0,3.5,9.1,20.7,99,95,
Cedric Maxwell,maxwece01,198304190BOS,BOS,game,True,29:00,.587,.500,.000,.875,11.0,19.5,15.5,24.1,0.0,1.8,21.3,20.1,111,97,
Danny Ainge,aingeda01,198304190BOS,BOS,game,True,28:00,.458,.458,.167,.000,3.8,10.1,7.1,15.9,5.1,1.8,7.7,19.2,100,89,
Gerald Henderson,hendege01,198304190BOS,BOS,game,True,23:00,.368,.300,.000,.200,0.0,4.1,2.2,0.0,6.3,2.2,21.6,24.9,63,88,
Tiny Archibald,architi01,198304190BOS,BOS,game,False,28:00,.461,.375,.000,.500,3.8,3.4,3.6,52.6,0.0,0.0,9.3,15.9,121,103,
Kevin McHale,mchalke01,198304190BOS,BOS,game,False,25:00,.761,.714,.000,.286,4.3,15.1,10.0,0.0,0.0,8.2,20.2,16.3,119,91,
Quinn Buckner,bucknqu01,198304190BOS,BOS,game,False,17:00,.500,.500,.000,.000,0.0,11.1,5.9,0.0,2.8,0.0,14.3,17.0,86,95,
Rory Sparrow,sparrro01,198304200NJN,NYK,game,True,36:00,.729,.667,.000,.583,7.8,2.7,4.8,26.4,5.6,0.0,16.6,21.8,137,110,
Bernard King,kingbe01,198304200NJN,NYK,game,True,35:00,.801,.762,.000,.429,4.0,5.5,4.9,17.1,0.0,0.0,0.0,31.0,170,120,
Truck Robinson,robintr01,198304200NJN,NYK,game,True,24:00,.661,.714,.000,.429,0.0,20.0,11.9,5.6,2.1,4.3,19.4,18.7,106,105,
Paul Westphal,westppa01,198304200NJN,NYK,game,True,21:00,.338,.250,.000,.250,0.0,13.7,8.2,20.9,0.0,0.0,18.4,11.3,92,115,
Bill Cartwright,cartwbi01,198304200NJN,NYK,game,True,20:00,.546,.500,.000,.500,0.0,14.4,8.6,6.2,0.0,7.7,12.0,18.1,107,111,
Marvin Webster,webstma01,198304200NJN,NYK,game,False,28:00,.514,.429,.000,.571,20.2,24.0,22.4,8.4,0.0,1.8,10.2,15.1,123,108,
Ernie Grunfeld,grunfer01,198304200NJN,NYK,game,False,24:00,.658,.667,.000,.222,5.9,4.0,4.8,11.8,2.1,2.1,9.2,19.7,130,115,
Sly Williams,willisl01,198304200NJN,NYK,game,False,24:00,.394,.313,.125,.250,11.8,12.0,11.9,9.5,2.1,0.0,31.1,23.3,75,112,
Louis Orr,orrlo01,198304200NJN,NYK,game,False,13:00,.250,.250,.000,.000,10.9,0.0,4.4,0.0,0.0,3.9,0.0,26.7,70,121,
Trent Tucker,tucketr01,198304200NJN,NYK,game,False,13:00,.266,.000,.000,2.000,0.0,7.4,4.4,0.0,0.0,0.0,0.0,6.3,66,119,
Ed Sherod,sheroed01,198304200NJN,NYK,game,False,2:00,,,,,0.0,0.0,0.0,0.0,25.2,0.0,,0.0,,72,
Buck Williams,willibu01,198304200NJN,NJN,game,True,40:00,.488,.333,.000,.833,14.4,24.7,18.6,3.1,1.3,0.0,10.9,17.9,117,124,
Micheal Ray Richardson,richami01,198304200NJN,NJN,game,True,30:00,.381,.357,.071,.071,3.2,14.1,7.6,4.4,5.0,0.0,17.2,22.6,80,118,
Darwin Cook,cookda01,198304200NJN,NJN,game,True,29:00,.385,.385,.077,.000,9.9,0.0,5.9,27.8,0.0,0.0,13.3,20.1,101,131,
Albert King,kingal01,198304200NJN,NJN,game,True,27:00,.450,.417,.056,.111,7.1,5.2,6.3,0.0,3.7,0.0,5.0,28.6,110,122,
Darryl Dawkins,dawkida01,198304200NJN,NJN,game,True,23:00,.888,.857,.000,.286,4.2,18.4,9.9,0.0,0.0,2.5,27.6,18.4,119,125,
Otis Birdsong,birdsot01,198304200NJN,NJN,game,False,24:00,.295,.273,.091,.182,4.0,0.0,2.4,31.6,4.2,0.0,7.8,20.8,93,123,
Mike Gminski,gminsmi01,198304200NJN,NJN,game,False,21:00,.768,.750,.000,.500,18.3,20.2,19.0,7.5,0.0,11.1,0.0,18.1,171,118,
Mike O'Koren,okoremi01,198304200NJN,NJN,game,False,13:00,.250,.250,.000,.000,0.0,32.6,13.2,27.5,0.0,0.0,33.3,17.9,60,125,
Foots Walker,walkefo01,198304200NJN,NJN,game,False,13:00,1.025,1.000,.000,.500,0.0,0.0,0.0,50.4,0.0,0.0,0.0,7.3,207,131,
Len Elmore,elmorle01,198304200NJN,NJN,game,False,11:00,.400,.400,.000,.000,43.6,25.7,36.4,12.4,4.6,0.0,0.0,17.7,132,117,
Eddie Phillips,philled01,198304200NJN,NJN,game,False,9:00,.510,.600,.200,.400,10.7,15.7,12.7,38.1,0.0,0.0,0.0,25.4,124,128,
Wayne Cooper,coopewa01,198304200SEA,POR,game,True,39:00,.788,.750,.000,.250,12.6,13.4,13.1,3.6,1.2,2.7,25.3,13.2,123,97,
Calvin Natt,nattca01,198304200SEA,POR,game,True,39:00,.466,.385,.000,.538,3.2,22.4,14.4,13.7,1.2,0.0,11.1,20.1,97,95,
Mychal Thompson,thompmy01,198304200SEA,POR,game,True,38:00,.659,.600,.000,.600,6.5,9.2,8.1,33.0,0.0,0.0,17.4,26.2,120,103,
Jim Paxson,paxsoji02,198304200SEA,POR,game,True,36:00,.732,.714,.000,.500,3.4,2.4,2.8,4.7,4.0,0.0,10.5,23.0,130,98,
Darnell Valentine,valenda01,198304200SEA,POR,game,True,28:00,.488,.417,.000,.250,0.0,9.4,5.5,20.5,0.0,1.9,23.1,26.8,84,101,
Fat Lever,leverfa01,198304200SEA,POR,game,False,21:00,.500,.500,.000,.000,0.0,4.2,2.4,26.0,0.0,0.0,14.3,14.5,102,105,
Kenny Carr,carrke01,198304200SEA,POR,game,False,20:00,.311,.333,.000,.167,0.0,39.3,23.0,19.4,0.0,0.0,0.0,14.0,83,89,
Audie Norris,norriau01,198304200SEA,POR,game,False,7:00,1.000,1.000,.000,.000,0.0,37.4,21.9,0.0,0.0,7.6,0.0,6.2,200,85,
Linton Townes,towneli01,198304200SEA,POR,game,False,7:00,.410,.250,.000,.500,0.0,0.0,0.0,0.0,0.0,0.0,17.0,36.4,73,106,
Don Buse,busedo01,198304200SEA,POR,game,False,5:00,,,,,0.0,17.5,10.2,22.9,0.0,0.0,100.0,8.7,40,100,
Jack Sikma,sikmaja01,198304200SEA,SEA,game,True,43:00,.527,.471,.059,.647,2.0,40.1,17.8,26.9,2.3,1.4,4.4,21.8,116,103,
Gus Williams,willigu01,198304200SEA,SEA,game,True,43:00,.628,.583,.000,.292,6.1,2.9,4.8,34.9,3.4,0.0,6.9,27.8,127,107,
David Thompson,thompda01,198304200SEA,SEA,game,True,31:00,.391,.357,.000,.429,0.0,0.0,0.0,20.5,1.6,0.0,10.7,24.7,81,111,
Lonnie Shelton,sheltlo01,198304200SEA,SEA,game,True,24:00,.219,.182,.273,.091,21.8,15.4,19.1,11.8,0.0,0.0,14.9,23.0,68,112,
Danny Vranes,vraneda01,198304200SEA,SEA,game,True,14:00,.000,.000,.000,.000,0.0,8.8,3.6,0.0,0.0,0.0,50.0,5.9,0,113,
James Donaldson,donalja01,198304200SEA,SEA,game,False,25:00,.400,.400,.000,.000,14.0,29.5,20.4,6.3,0.0,2.4,0.0,16.4,103,108,
Fred Brown,brownfr01,198304200SEA,SEA,game,False,20:00,.436,.333,.000,.333,0.0,12.3,5.1,36.1,2.4,0.0,0.0,14.1,117,108,
Steve Hawes,hawesst01,198304200SEA,SEA,game,False,18:00,.340,.200,.000,.400,0.0,6.8,2.8,7.5,0.0,0.0,25.4,18.0,60,113,
Greg Kelser,kelsegr01,198304200SEA,SEA,game,False,18:00,.400,.400,.000,.000,14.5,20.5,17.0,8.2,2.7,0.0,0.0,11.4,111,106,
Phil Smith,smithph01,198304200SEA,SEA,game,False,4:00,.000,.000,.000,.000,0.0,0.0,0.0,0.0,0.0,0.0,0.0,10.3,0,114,
Buck Williams,willibu01,198304210NYK,NJN,game,True,45:00,.764,.700,.000,1.000,,,,9.8,,2.7,17.2,16.7,,,
Albert King,kingal01,198304210NYK,NJN,game,True,41:00,.574,.550,.050,.200,,,,12.9,,0.0,12.1,26.0,,,
Darryl Dawkins,dawkida01,198304210NYK,NJN,game,True,36:00,.733,.733,.067,.000,,,,10.5,,6.8,25.0,23.9,,,
Darwin Cook,cookda01,198304210NYK,NJN,game,True,34:00,.336,.286,.000,.143,,,,16.4,,0.0,11.8,21.4,,,
Micheal Ray Richardson,richami01,198304210NYK,NJN,game,True,28:00,.457,.429,.000,.571,,,,19.7,,0.0,10.2,15.0,,,
Foots Walker,walkefo01,198304210NYK,NJN,game,False,23:00,.205,.000,.000,.500,,,,31.3,,0.0,29.1,12.9,,,
Otis Birdsong,birdsot01,198304210NYK,NJN,game,False,13:00,.600,.600,.000,.000,,,,38.3,,0.0,0.0,16.6,,,
Mike Gminski,gminsmi01,198304210NYK,NJN,game,False,8:00,.000,.000,.000,.000,,,,0.0,,0.0,50.0,10.8,,,
Mike O'Koren,okoremi01,198304210NYK,NJN,game,False,5:00,.250,.250,.000,.000,,,,0.0,,0.0,0.0,34.5,,,
Len Elmore,elmorle01,198304210NYK,NJN,game,False,4:00,.568,,,,,,,0.0,,0.0,53.2,20.2,,,
Eddie Phillips,philled01,198304210NYK,NJN,game,False,3:00,.266,.000,1.000,2.000,,,,40.0,,0.0,34.7,41.3,,,
Truck Robinson,robintr01,198304210NYK,NYK,game,True,36:00,.594,.533,.000,.533,17.8,25.2,21.1,4.5,1.3,0.0,13.9,24.7,117,99,
Bernard King,kingbe01,198304210NYK,NYK,game,True,32:00,.469,.471,.000,.294,6.7,12.2,9.1,21.4,0.0,0.0,9.4,27.3,102,105,
Bill Cartwright,cartwbi01,198304210NYK,NYK,game,True,31:00,.666,.625,.000,.500,10.3,20.9,15.1,4.8,1.6,2.0,45.0,23.6,76,98,
Paul Westphal,westppa01,198304210NYK,NYK,game,True,31:00,.631,.636,.000,.182,0.0,0.0,0.0,37.2,1.6,2.0,14.4,18.5,123,102,
Rory Sparrow,sparrro01,198304210NYK,NYK,game,True,23:00,.400,.400,.000,.000,0.0,16.9,7.6,17.5,0.0,0.0,0.0,9.0,112,103,
Ernie Grunfeld,grunfer01,198304210NYK,NYK,game,False,26:00,.638,.200,.000,2.000,0.0,10.0,4.5,14.5,1.9,2.4,9.6,16.5,141,99,
Marvin Webster,webstma01,198304210NYK,NYK,game,False,17:00,.443,.333,.000,2.000,18.8,7.6,13.8,0.0,0.0,0.0,15.1,16.1,99,106,
Louis Orr,orrlo01,198304210NYK,NYK,game,False,16:00,.667,.667,.000,.000,6.7,16.2,11.0,0.0,0.0,3.8,0.0,15.5,142,101,
Sly Williams,willisl01,198304210NYK,NYK,game,False,12:00,.571,.571,.000,.000,8.9,32.4,19.5,0.0,4.0,0.0,36.4,37.8,69,92,
Trent Tucker,tucketr01,198304210NYK,NYK,game,False,11:00,.000,.000,.000,.000,0.0,11.8,5.3,10.9,8.8,0.0,50.0,7.5,25,87,
Ed Sherod,sheroed01,198304210NYK,NYK,game,False,5:00,.000,.000,.000,.000,0.0,0.0,0.0,48.0,9.7,0.0,0.0,8.2,86,87,
Dennis Johnson,johnsde01,198304210DEN,PHO,game,True,36:00,.298,.267,.067,.267,0.0,9.3,4.1,19.2,1.3,3.0,10.7,21.0,67,111,
Walter Davis,daviswa03,198304210DEN,PHO,game,True,35:00,.644,.595,.048,.333,2.5,12.8,7.1,23.3,1.4,0.0,0.0,27.8,136,115,
Larry Nance,nancela01,198304210DEN,PHO,game,True,33:00,.276,.200,.000,.200,8.1,10.1,9.0,0.0,0.0,1.7,8.4,14.5,69,115,
Alvan Adams,adamsal01,198304210DEN,PHO,game,True,23:00,.349,.333,.000,.167,11.6,19.4,15.1,19.8,0.0,2.4,7.2,24.3,84,113,
Maurice Lucas,lucasma01,198304210DEN,PHO,game,True,17:00,.654,.667,.000,.333,5.2,32.8,17.5,29.5,2.8,0.0,22.5,21.1,107,109,
Kyle Macy,macyky01,198304210DEN,PHO,game,False,24:00,.487,.455,.273,.273,3.7,4.7,4.1,20.0,0.0,0.0,0.0,20.7,111,118,
Johnny High,highjo01,198304210DEN,PHO,game,False,20:00,.466,.500,.167,.167,13.3,5.6,9.9,14.6,2.4,2.7,0.0,13.0,116,110,
James Edwards,edwarja01,198304210DEN,PHO,game,False,19:00,.512,.375,.000,.500,0.0,52.9,23.4,23.4,0.0,0.0,23.5,27.1,88,112,
Alvin Scott,scottal01,198304210DEN,PHO,game,False,15:00,.000,.000,.000,.000,5.9,14.9,9.9,8.0,0.0,0.0,66.7,8.1,30,117,
Rory White,whitero01,198304210DEN,PHO,game,False,14:00,.500,.500,.167,.000,0.0,31.9,14.1,0.0,0.0,0.0,0.0,17.3,100,115,
Joel Kramer,kramejo01,198304210DEN,PHO,game,False,3:00,.000,.000,.000,.000,0.0,0.0,0.0,0.0,0.0,0.0,0.0,13.4,0,119,
Charles Pittman,pittmch01,198304210DEN,PHO,game,False,1:00,,,,,0.0,0.0,0.0,0.0,0.0,0.0,,0.0,,119,
T.R. Dunn,dunntr01,198304210DEN,DEN,game,True,44:00,.333,.333,.000,.000,5.1,16.2,11.2,4.7,1.1,0.0,14.3,7.3,84,98,
Kiki Vandeweghe,vandeki01,198304210DEN,DEN,game,True,40:00,.586,.550,.000,.250,2.8,15.6,9.9,16.8,1.2,1.3,4.3,26.6,117,97,
Alex English,englial01,198304210DEN,DEN,game,True,34:00,.556,.556,.000,.111,6.6,15.7,11.6,20.2,1.4,0.0,9.6,28.2,106,98,
Dan Issel,isselda01,198304210DEN,DEN,game,True,31:00,.640,.563,.000,.500,7.2,25.8,17.6,17.7,0.0,1.7,0.0,28.9,137,96,
Rob Williams,williro02,198304210DEN,DEN,game,True,24:00,.429,.429,.000,.000,0.0,3.7,2.1,41.9,0.0,2.2,0.0,13.4,120,102,
Bill Hanzlik,hanzlbi01,198304210DEN,DEN,game,False,24:00,.850,.800,.000,.400,0.0,22.2,12.4,24.4,0.0,2.2,0.0,11.3,178,96,
Mike Evans,evansmi01,198304210DEN,DEN,game,False,17:00,.650,.650,.200,.000,0.0,5.2,2.9,8.8,0.0,0.0,9.1,29.7,106,104,
Danny Schayes,schayda01,198304210DEN,DEN,game,False,17:00,.750,.750,.000,.000,0.0,10.5,5.8,13.9,0.0,3.1,33.3,16.2,94,99,
Billy McKinney,mckinbi01,198304210DEN,DEN,game,False,9:00,.250,.250,.000,.000,0.0,9.9,5.5,48.9,0.0,0.0,0.0,20.4,89,102,
Danny Vranes,vraneda01,198304220POR,SEA,game,True,42:00,.375,.375,.000,.000,17.7,20.6,19.0,3.3,0.0,1.4,0.0,14.8,111,111,
Gus Williams,willigu01,198304220POR,SEA,game,True,38:00,.584,.522,.087,.348,2.2,5.1,3.5,4.9,2.7,0.0,13.1,31.3,114,112,
David Thompson,thompda01,198304220POR,SEA,game,True,34:00,.431,.364,.000,.364,0.0,0.0,0.0,12.0,0.0,1.7,13.6,16.9,94,118,
Jack Sikma,sikmaja01,198304220POR,SEA,game,True,32:00,.242,.214,.000,.071,12.9,18.0,15.3,16.4,0.0,1.8,21.7,22.4,65,111,
Lonnie Shelton,sheltlo01,198304220POR,SEA,game,True,29:00,.182,.167,.000,.333,20.0,16.6,18.4,13.2,1.8,0.0,0.0,18.5,77,110,
James Donaldson,donalja01,198304220POR,SEA,game,False,22:00,.601,.583,.000,.250,3.8,26.2,14.1,8.5,0.0,5.3,0.0,23.6,139,105,
Steve Hawes,hawesst01,198304220POR,SEA,game,False,17:00,.735,.800,.000,.200,4.9,22.6,13.1,9.5,0.0,0.0,15.5,14.8,127,110,
Phil Smith,smithph01,198304220POR,SEA,game,False,15:00,.600,.600,.000,.000,0.0,19.2,8.9,10.2,0.0,0.0,28.6,18.2,91,112,
Fred Brown,brownfr01,198304220POR,SEA,game,False,10:00,.000,.000,.000,.000,0.0,9.6,4.4,0.0,0.0,0.0,0.0,11.7,0,115,
Greg Kelser,kelsegr01,198304220POR,SEA,game,False,1:00,,,,,0.0,0.0,0.0,0.0,0.0,0.0,,0.0,,116,
Mychal Thompson,thompmy01,198304220POR,POR,game,True,39:00,.440,.385,.000,.308,7.4,19.1,13.7,24.7,0.0,0.0,16.9,20.3,94,100,
Jim Paxson,paxsoji02,198304220POR,POR,game,True,38:00,.647,.588,.000,.412,2.5,6.5,4.7,21.6,0.0,0.0,0.0,23.5,141,108,
Wayne Cooper,coopewa01,198304220POR,POR,game,True,36:00,.363,.250,.000,.333,10.7,16.1,13.6,4.2,0.0,2.7,6.8,18.2,92,100,
Calvin Natt,nattca01,198304220POR,POR,game,True,36:00,.546,.333,.000,1.889,8.0,9.2,8.6,4.2,0.0,0.0,0.0,20.4,129,106,
Darnell Valentine,valenda01,198304220POR,POR,game,True,23:00,.342,.286,.000,.571,0.0,3.6,1.9,13.1,6.7,0.0,18.6,20.8,66,97,
Kenny Carr,carrke01,198304220POR,POR,game,False,27:00,.697,.600,.000,.500,7.1,21.5,14.8,0.0,1.9,3.6,0.0,20.1,151,93,
Fat Lever,leverfa01,198304220POR,POR,game,False,25:00,.375,.375,.000,.000,0.0,6.6,3.6,38.1,4.1,0.0,0.0,14.2,103,100,
Linton Townes,towneli01,198304220POR,POR,game,False,10:00,.595,.600,.000,.400,9.6,0.0,4.4,0.0,0.0,0.0,0.0,26.2,124,111,
Audie Norris,norriau01,198304220POR,POR,game,False,6:00,.500,.500,.000,.000,0.0,13.8,7.4,28.6,0.0,0.0,0.0,14.8,117,104,
Larry Bird,birdla01,198304220ATL,BOS,game,True,39:00,.349,.222,.056,.444,16.3,23.1,19.5,35.6,2.6,1.5,12.2,25.2,94,93,
Danny Ainge,aingeda01,198304220ATL,BOS,game,True,33:00,.230,.200,.100,.200,2.7,3.0,2.9,13.2,1.5,0.0,0.0,13.2,73,103,
Robert Parish,parisro01,198304220ATL,BOS,game,True,32:00,.612,.615,.000,.154,2.8,31.3,16.3,6.3,1.6,1.9,30.2,24.9,81,92,
Cedric Maxwell,maxwece01,198304220ATL,BOS,game,True,30:00,.637,.625,.000,.625,9.1,6.7,7.9,11.4,0.0,0.0,22.7,17.6,105,105,
Gerald Henderson,hendege01,198304220ATL,BOS,game,True,26:00,.333,.333,.000,.000,3.5,7.7,5.5,19.4,1.9,0.0,14.3,21.6,74,101,
Kevin McHale,mchalke01,198304220ATL,BOS,game,False,24:00,.638,.600,.100,.400,11.3,16.7,13.9,16.7,2.1,2.5,14.5,23.0,118,95,
Tiny Archibald,architi01,198304220ATL,BOS,game,False,22:00,.423,.250,.125,.750,0.0,4.5,2.2,20.7,0.0,0.0,8.6,21.2,99,105,
Quinn Buckner,bucknqu01,198304220ATL,BOS,game,False,15:00,.625,.625,.125,.000,0.0,13.3,6.3,0.0,0.0,0.0,0.0,21.4,128,102,
Rick Robey,robeyri01,198304220ATL,BOS,game,False,12:00,.266,.000,.000,2.000,15.1,16.7,15.8,0.0,0.0,0.0,34.7,9.6,63,102,
Scott Wedman,wedmasc01,198304220ATL,BOS,game,False,7:00,.000,.000,.000,.000,12.9,14.3,13.6,0.0,0.0,0.0,0.0,5.7,51,103,
Dominique Wilkins,wilkido01,198304220ATL,ATL,game,True,45:00,.436,.361,.056,.333,6.7,6.0,6.3,0.0,2.2,0.0,12.7,23.0,86,98,
Dan Roundfield,roundda01,198304220ATL,ATL,game,True,42:00,.513,.533,.000,.533,4.8,21.6,13.6,22.1,1.2,1.4,13.9,22.5,96,92,
Johnny Davis,davisjo01,198304220ATL,ATL,game,True,38:00,.498,.400,.000,.467,0.0,2.4,1.3,64.5,0.0,0.0,0.0,20.9,128,104,
Rudy Macklin,macklru01,198304220ATL,ATL,game,True,30:00,.688,.600,.000,.700,3.3,21.1,12.7,6.3,1.7,1.9,13.3,22.1,122,90,
Tree Rollins,rollitr01,198304220ATL,ATL,game,True,26:00,.338,.375,.000,.250,26.9,24.4,25.6,12.5,0.0,2.2,10.1,16.7,95,92,
Mike Glenn,glennmi01,198304220ATL,ATL,game,False,20:00,.630,.556,.000,.333,0.0,4.5,2.4,0.0,0.0,0.0,8.8,24.8,115,102,
Tom McMillen,mcmilto01,198304220ATL,ATL,game,False,16:00,.000,.000,.000,.000,6.3,11.3,8.9,8.6,3.1,7.1,40.0,13.7,22,90,
Rickey Brown,brownri01,198304220ATL,ATL,game,False,12:00,.387,.333,.000,.667,0.0,22.6,11.9,0.0,0.0,0.0,0.0,14.2,85,94,
Wes Matthews,matthwe01,198304220ATL,ATL,game,False,10:00,,,,,0.0,0.0,0.0,54.9,0.0,0.0,100.0,4.4,90,105,
Randy Smith,smithra01,198304220ATL,ATL,game,False,1:00,,,,,0.0,0.0,0.0,100.0,0.0,0.0,,0.0,203,106,
Tree Rollins,rollitr01,198304240BOS,ATL,game,True,45:00,.738,.800,.000,.500,2.9,11.9,7.8,5.0,1.2,7.2,19.7,15.7,112,104,
Dan Roundfield,roundda01,198304240BOS,ATL,game,True,41:00,.333,.333,.067,.000,0.0,26.0,14.3,9.7,2.5,2.6,21.1,21.6,57,97,
Johnny Davis,davisjo01,198304240BOS,ATL,game,True,37:00,.456,.438,.063,.063,0.0,8.6,4.7,12.4,0.0,0.0,19.6,25.7,76,112,
Rudy Macklin,macklru01,198304240BOS,ATL,game,True,26:00,.250,.250,.000,.000,10.0,8.2,9.0,7.0,0.0,2.1,20.0,17.9,55,111,
Dominique Wilkins,wilkido01,198304240BOS,ATL,game,True,26:00,.463,.167,.000,1.000,10.0,4.1,6.8,6.6,0.0,2.1,36.7,24.4,70,113,
Wes Matthews,matthwe01,198304240BOS,ATL,game,False,17:00,.610,.500,.167,.833,0.0,0.0,0.0,39.3,0.0,0.0,10.9,25.2,120,116,
Mike Glenn,glennmi01,198304240BOS,ATL,game,False,16:00,.667,.667,.000,.000,0.0,13.3,7.3,37.5,3.2,0.0,25.0,11.6,111,103,
Randy Smith,smithra01,198304240BOS,ATL,game,False,14:00,.444,.200,.000,.800,0.0,7.6,4.2,38.7,3.7,0.0,0.0,22.5,112,105,
Tom McMillen,mcmilto01,198304240BOS,ATL,game,False,11:00,.347,.000,.000,1.000,23.6,19.4,21.3,0.0,0.0,0.0,25.8,16.4,77,106,
Rickey Brown,brownri01,198304240BOS,ATL,game,False,3:00,,,,,0.0,0.0,0.0,0.0,0.0,0.0,,0.0,,116,
Keith Edmonson,edmonke01,198304240BOS,ATL,game,False,2:00,1.000,1.000,.000,.000,64.9,0.0,29.3,100.0,0.0,0.0,0.0,23.3,201,116,
George Johnson,johnsge02,198304240BOS,ATL,game,False,2:00,,,,,0.0,0.0,0.0,0.0,0.0,0.0,,0.0,,116,
Larry Bird,birdla01,198304240BOS,BOS,game,True,44:00,.589,.553,.105,.368,2.4,23.6,12.0,32.6,1.2,3.2,12.0,23.4,122,83,
Cedric Maxwell,maxwece01,198304240BOS,BOS,game,True,40:00,.681,.500,.000,.900,13.3,9.7,11.7,6.9,1.3,1.7,26.4,19.5,115,87,
Robert Parish,parisro01,198304240BOS,BOS,game,True,31:00,.308,.308,.000,.000,13.8,29.3,20.8,0.0,0.0,2.2,0.0,17.2,90,85,
Gerald Henderson,hendege01,198304240BOS,BOS,game,True,24:00,.462,.462,.000,.000,13.3,0.0,7.3,27.6,6.5,0.0,13.3,25.7,101,80,
Danny Ainge,aingeda01,198304240BOS,BOS,game,True,23:00,.250,.250,.167,.000,0.0,0.0,0.0,21.5,0.0,0.0,0.0,10.7,96,93,
Tiny Archibald,architi01,198304240BOS,BOS,game,False,27:00,.381,.429,.143,.286,0.0,14.4,6.5,39.9,1.9,0.0,20.2,15.0,91,86,
Kevin McHale,mchalke01,198304240BOS,BOS,game,False,23:00,.500,.500,.000,.000,18.6,22.6,20.4,25.8,0.0,0.0,5.9,30.3,114,88,
Quinn Buckner,bucknqu01,198304240BOS,BOS,game,False,20:00,.375,.375,.000,.000,5.3,19.5,11.7,7.1,0.0,0.0,11.1,18.5,85,88,
Charles Bradley,bradlch01,198304240BOS,BOS,game,False,2:00,,,,,0.0,0.0,0.0,0.0,0.0,0.0,,0.0,,93,
M.L. Carr,carrml01,198304240BOS,BOS,game,False,2:00,,,,,0.0,0.0,0.0,0.0,0.0,0.0,,0.0,,93,
Rick Robey,robeyri01,198304240BOS,BOS,game,False,2:00,.000,.000,1.000,.000,53.3,64.9,58.5,58.5,0.0,0.0,50.0,41.1,43,79,
Scott Wedman,wedmasc01,198304240BOS,BOS,game,False,2:00,1.000,1.000,.000,.000,0.0,0.0,0.0,0.0,0.0,0.0,0.0,20.5,200,93,
Alex English,englial01,198304240PHO,DEN,game,True,48:00,.613,.552,.000,.414,8.2,10.8,9.5,15.1,1.0,3.1,5.5,31.3,126,102,
T.R. Dunn,dunntr01,198304240PHO,DEN,game,True,46:00,.714,.714,.000,.000,12.8,13.6,13.2,16.8,0.0,1.1,22.2,8.1,132,105,
Kiki Vandeweghe,vandeki01,198304240PHO,DEN,game,True,41:00,.561,.524,.000,.429,2.4,5.1,3.7,19.7,0.0,2.4,3.9,26.2,118,107,
Dan Issel,isselda01,198304240PHO,DEN,game,True,35:00,.405,.333,.000,.222,14.0,17.8,15.9,16.0,0.0,0.0,4.8,24.6,102,104,
Rob Williams,williro02,198304240PHO,DEN,game,True,18:00,.167,.167,.000,.000,0.0,11.5,5.6,40.1,0.0,0.0,33.3,20.7,52,106,
Mike Evans,evansmi01,198304240PHO,DEN,game,False,30:00,.500,.500,.231,.000,0.0,24.2,11.8,19.4,1.6,0.0,7.1,19.3,102,98,
Bill Hanzlik,hanzlbi01,198304240PHO,DEN,game,False,20:00,.340,.200,.000,.400,0.0,10.4,5.0,17.9,0.0,2.5,25.4,16.3,70,105,
Danny Schayes,schayda01,198304240PHO,DEN,game,False,19:00,.500,.500,.000,.000,0.0,21.9,10.6,12.6,2.6,2.6,50.0,8.7,61,95,
Billy McKinney,mckinbi01,198304240PHO,DEN,game,False,6:00,,,,,0.0,0.0,0.0,37.6,0.0,0.0,100.0,6.9,61,111,
Glen Gondrezick,gondrgl01,198304240PHO,DEN,game,False,2:00,,,,,0.0,0.0,0.0,0.0,0.0,0.0,,0.0,,108,
Walter Davis,daviswa03,198304240PHO,PHO,game,True,45:00,.464,.385,.038,.462,6.9,6.5,6.7,24.8,2.2,2.4,6.0,29.6,107,107,
Dennis Johnson,johnsde01,198304240PHO,PHO,game,True,38:00,.481,.357,.000,.429,5.5,15.5,10.6,14.7,0.0,0.0,5.7,18.6,114,110,
Larry Nance,nancela01,198304240PHO,PHO,game,True,35:00,.478,.417,.000,.500,11.9,22.4,17.3,8.1,0.0,3.1,6.4,17.9,110,105,
Alvan Adams,adamsal01,198304240PHO,PHO,game,True,33:00,.538,.538,.000,.000,0.0,17.8,9.2,42.8,1.5,3.3,18.8,19.4,104,103,
Alvin Scott,scottal01,198304240PHO,PHO,game,True,32:00,.607,.556,.000,.222,6.5,15.3,11.0,13.5,3.0,6.8,16.8,14.9,114,98,
Kyle Macy,macyky01,198304240PHO,PHO,game,False,33:00,.444,.438,.000,.125,3.1,11.9,7.6,9.5,0.0,0.0,0.0,20.5,104,111,
Rory White,whitero01,198304240PHO,PHO,game,False,20:00,.508,.571,.000,.286,5.2,24.5,15.1,0.0,0.0,0.0,11.3,17.8,92,107,
James Edwards,edwarja01,198304240PHO,PHO,game,False,15:00,.333,.333,.000,.000,13.9,0.0,6.7,0.0,0.0,0.0,14.3,18.7,75,115,
Johnny High,highjo01,198304240PHO,PHO,game,False,11:00,.000,.000,.000,.000,18.9,8.9,13.8,0.0,0.0,0.0,25.0,14.6,30,112,
Joel Kramer,kramejo01,198304240PHO,PHO,game,False,3:00,.000,.000,.000,.000,0.0,0.0,0.0,0.0,0.0,0.0,0.0,13.4,0,115,
Bill Cartwright,cartwbi01,198304240PHI,NYK,game,True,35:00,.690,.636,.000,.273,7.6,21.1,14.6,0.0,1.4,4.8,24.5,20.2,105,110,
Truck Robinson,robintr01,198304240PHI,NYK,game,True,31:00,.551,.500,.000,.200,8.6,7.9,8.3,13.6,3.1,0.0,15.5,18.0,108,113,
Rory Sparrow,sparrro01,198304240PHI,NYK,game,True,27:00,.450,.450,.200,.000,0.0,9.1,4.7,51.0,1.8,0.0,23.1,20.8,96,115,
Paul Westphal,westppa01,198304240PHI,NYK,game,True,27:00,.378,.333,.133,.133,0.0,4.6,2.4,21.5,0.0,0.0,11.2,28.7,82,120,
Bernard King,kingbe01,198304240PHI,NYK,game,True,17:00,.854,.833,.000,.167,7.8,14.5,11.3,10.1,0.0,0.0,23.7,21.5,125,118,
Louis Orr,orrlo01,198304240PHI,NYK,game,False,25:00,.661,.571,.000,.429,5.3,19.7,12.8,0.0,2.0,2.3,10.7,16.1,125,111,
Sly Williams,willisl01,198304240PHI,NYK,game,False,23:00,.442,.417,.000,.083,11.6,21.4,16.7,6.6,2.1,2.5,13.9,27.2,88,110,
Trent Tucker,tucketr01,198304240PHI,NYK,game,False,22:00,.735,.667,.000,1.333,0.0,5.6,2.9,11.6,0.0,0.0,17.4,11.3,131,120,
Ernie Grunfeld,grunfer01,198304240PHI,NYK,game,False,13:00,1.000,1.000,.000,.000,0.0,9.5,4.9,11.9,0.0,0.0,50.0,20.0,85,119,
Marvin Webster,webstma01,198304240PHI,NYK,game,False,13:00,.694,.500,.000,1.000,10.3,9.5,9.8,9.6,0.0,8.7,0.0,9.6,163,112,
Ed Sherod,sheroed01,198304240PHI,NYK,game,False,7:00,.333,.333,.000,.000,0.0,17.6,9.1,0.0,7.0,0.0,25.0,24.7,51,103,
Moses Malone,malonmo01,198304240PHI,PHI,game,True,38:00,.705,.652,.000,.391,19.4,38.6,28.6,18.0,0.0,4.9,6.9,32.5,144,101,
Julius Erving,ervinju01,198304240PHI,PHI,game,True,37:00,.310,.250,.000,.250,6.7,28.8,17.3,12.4,4.0,1.7,14.5,23.9,76,97,
Maurice Cheeks,cheekma01,198304240PHI,PHI,game,True,36:00,.589,.545,.000,.182,0.0,7.4,3.6,34.2,2.7,0.0,14.4,16.4,124,105,
Marc Iavaroni,iavarma01,198304240PHI,PHI,game,True,24:00,1.000,1.000,.000,.000,0.0,22.2,10.7,10.3,4.1,2.6,20.0,8.9,145,97,
Andrew Toney,toneyan01,198304240PHI,PHI,game,True,20:00,.564,.500,.000,.500,0.0,0.0,0.0,32.1,0.0,0.0,29.1,29.3,93,112,
Clint Richardson,richacl01,198304240PHI,PHI,game,False,30:00,.667,.667,.000,.000,0.0,0.0,0.0,8.6,3.3,2.1,18.2,15.6,107,103,
Bobby Jones,jonesbo01,198304240PHI,PHI,game,False,23:00,.820,.750,.000,.500,5.4,11.6,8.3,30.7,0.0,0.0,0.0,9.0,184,110,
Clemon Johnson,johnscl01,198304240PHI,PHI,game,False,20:00,.400,.400,.000,.000,30.8,0.0,16.0,5.7,2.4,0.0,28.6,14.9,94,107,
Franklin Edwards,edwarfr01,198304240PHI,PHI,game,False,10:00,.581,.667,.000,.333,0.0,0.0,0.0,25.7,0.0,0.0,36.8,23.2,77,112,
Earl Cureton,curetea01,198304240PHI,PHI,game,False,1:00,,,,,0.0,0.0,0.0,0.0,0.0,0.0,,0.0,,112,
Reggie Johnson,johnsre01,198304240PHI,PHI,game,False,1:00,.500,.500,.000,.000,0.0,0.0,0.0,0.0,0.0,0.0,0.0,85.2,120,112,
Mychal Thompson,thompmy01,198304240LAL,POR,game,True,43:00,.628,.571,.000,.571,7.8,18.1,12.6,24.4,1.1,0.0,31.3,23.9,97,118,
Calvin Natt,nattca01,198304240LAL,POR,game,True,40:00,.506,.474,.000,.211,5.6,22.7,13.5,0.0,1.2,0.0,4.6,21.9,109,117,
Jim Paxson,paxsoji02,198304240LAL,POR,game,True,34:00,.484,.462,.000,.077,0.0,7.6,3.5,4.3,2.8,0.0,13.0,18.3,92,117,
Wayne Cooper,coopewa01,198304240LAL,POR,game,True,29:00,.735,.700,.000,.200,19.2,13.4,16.6,5.6,0.0,4.1,21.6,19.2,121,117,
Darnell Valentine,valenda01,198304240LAL,POR,game,True,21:00,.333,.333,.000,.000,5.3,0.0,2.9,43.9,0.0,0.0,14.3,13.4,100,123,
Kenny Carr,carrke01,198304240LAL,POR,game,False,25:00,.461,.375,.000,.500,8.9,25.9,16.8,10.9,0.0,2.4,29.1,22.1,79,117,
Fat Lever,leverfa01,198304240LAL,POR,game,False,25:00,.333,.333,.000,.000,0.0,20.8,9.6,36.2,1.9,0.0,14.3,11.3,96,116,
Linton Townes,towneli01,198304240LAL,POR,game,False,14:00,.429,.429,.000,.000,8.0,0.0,4.3,0.0,0.0,0.0,0.0,20.1,101,123,
Audie Norris,norriau01,198304240LAL,POR,game,False,4:00,.000,.000,.000,.000,27.9,0.0,15.0,0.0,0.0,0.0,0.0,30.2,22,124,
Don Buse,busedo01,198304240LAL,POR,game,False,2:00,.000,.000,.000,.000,0.0,0.0,0.0,0.0,0.0,0.0,50.0,40.2,0,124,
Hank McDowell,mcdowha01,198304240LAL,POR,game,False,2:00,.000,.000,.000,.000,0.0,0.0,0.0,0.0,0.0,0.0,0.0,20.1,0,122,
Jeff Lamp,lampje01,198304240LAL,POR,game,False,1:00,.500,.500,.000,.000,0.0,0.0,0.0,0.0,0.0,0.0,0.0,80.4,119,124,
Magic Johnson,johnsma02,198304240LAL,LAL,game,True,39:00,.582,.533,.000,.200,10.0,17.2,13.8,61.3,8.6,1.4,15.5,21.4,131,85,
Jamaal Wilkes,wilkeja01,198304240LAL,LAL,game,True,38:00,.602,.632,.000,.211,6.8,5.9,6.3,4.1,0.0,1.4,0.0,23.6,124,106,
Kurt Rambis,rambiku01,198304240LAL,LAL,game,True,36:00,.694,.500,.000,1.000,10.8,18.6,15.0,9.2,1.3,4.4,14.8,8.1,146,97,
Kareem Abdul-Jabbar,abdulka01,198304240LAL,LAL,game,True,34:00,.806,.733,.000,.733,0.0,19.7,10.6,0.0,1.4,9.4,20.1,31.6,123,93,
Norm Nixon,nixonno01,198304240LAL,LAL,game,True,34:00,.437,.400,.000,.200,3.8,9.8,7.1,20.3,2.8,0.0,8.4,30.2,96,100,
Michael Cooper,coopemi01,198304240LAL,LAL,game,False,28:00,.434,.250,.000,1.000,0.0,8.0,4.3,15.5,3.4,3.8,0.0,8.9,120,97,
Mark Landsberger,landsma01,198304240LAL,LAL,game,False,13:00,.694,1.000,.000,1.000,0.0,17.2,9.2,0.0,0.0,0.0,25.8,12.9,77,103,
Dwight Jones,jonesdw01,198304240LAL,LAL,game,False,9:00,.266,.000,.000,2.000,14.4,0.0,6.7,0.0,0.0,0.0,34.7,13.8,61,109,
Steve Mix,mixst01,198304240LAL,LAL,game,False,6:00,1.000,1.000,.000,.000,0.0,18.6,10.0,0.0,0.0,0.0,0.0,7.2,200,103,
Mike McGee,mcgeemi01,198304240LAL,LAL,game,False,2:00,1.500,1.500,1.000,.000,0.0,0.0,0.0,0.0,0.0,0.0,50.0,43.3,58,109,
Clay Johnson,johnscl02,198304240LAL,LAL,game,False,1:00,,,,,0.0,0.0,0.0,0.0,0.0,0.0,,0.0,,109,
Alex English,englial01,198304260SAS,DEN,game,True,34:00,.528,.455,.045,.273,15.7,12.8,14.4,26.1,0.0,1.3,3.9,26.6,124,130,
Kiki Vandeweghe,vandeki01,198304260SAS,DEN,game,True,34:00,.508,.421,.053,.316,0.0,9.6,4.3,17.3,0.0,1.3,8.5,24.5,106,131,
T.R. Dunn,dunntr01,198304260SAS,DEN,game,True,33:00,.255,.200,.000,.400,16.2,16.5,16.3,5.8,1.2,0.0,25.4,8.4,87,128,
Rob Williams,williro02,198304260SAS,DEN,game,True,25:00,.505,.455,.091,.182,0.0,4.4,2.0,31.7,0.0,0.0,14.4,19.6,104,133,
Dan Issel,isselda01,198304260SAS,DEN,game,True,22:00,.678,.611,.056,.333,0.0,19.8,8.9,23.4,1.8,2.0,0.0,33.1,143,124,
Danny Schayes,schayda01,198304260SAS,DEN,game,False,27:00,.773,.667,.000,.667,3.3,16.2,9.1,7.9,0.0,1.6,27.9,14.1,114,129,
Bill Hanzlik,hanzlbi01,198304260SAS,DEN,game,False,22:00,.368,.300,.000,.200,0.0,14.9,6.7,14.4,3.7,2.0,15.5,20.7,76,121,
Mike Evans,evansmi01,198304260SAS,DEN,game,False,14:00,1.000,1.000,.000,.000,0.0,15.6,7.0,63.5,2.9,0.0,75.0,10.1,96,125,
Billy McKinney,mckinbi01,198304260SAS,DEN,game,False,14:00,.825,.857,.000,.286,6.3,15.6,10.5,0.0,0.0,0.0,11.3,22.4,134,130,
Glen Gondrezick,gondrgl01,198304260SAS,DEN,game,False,9:00,.521,.500,.000,1.000,19.8,12.1,16.3,22.9,0.0,0.0,25.8,15.2,109,131,
James Ray,rayja01,198304260SAS,DEN,game,False,3:00,.500,.500,.000,.000,0.0,0.0,0.0,0.0,0.0,0.0,0.0,23.5,101,133,
Dave Robisch,robisda01,198304260SAS,DEN,game,False,3:00,.500,.500,.000,.000,0.0,36.4,16.3,0.0,0.0,0.0,0.0,23.5,101,126,
Gene Banks,banksge01,198304260SAS,SAS,game,True,40:00,.486,.450,.000,.300,0.0,24.4,13.5,14.1,0.0,0.0,4.2,20.5,111,113,
George Gervin,gervige01,198304260SAS,SAS,game,True,35:00,.823,.773,.000,.364,15.6,12.7,14.0,7.1,1.2,0.0,7.3,27.3,159,114,
Johnny Moore,moorejo01,198304260SAS,SAS,game,True,34:00,.676,.688,.000,.250,0.0,0.0,0.0,51.6,2.4,0.0,0.0,18.2,158,115,
Mike Mitchell,mitchmi01,198304260SAS,SAS,game,True,31:00,.615,.588,.000,.118,10.6,20.1,15.8,0.0,0.0,0.0,5.3,21.2,127,114,
Artis Gilmore,gilmoar01,198304260SAS,SAS,game,True,22:00,.472,.417,.000,.333,0.0,36.4,20.0,8.5,0.0,4.3,6.8,23.3,102,106,
Billy Paultz,paultbi01,198304260SAS,SAS,game,False,23:00,.615,.500,.000,.500,9.5,3.9,6.4,0.0,1.8,0.0,17.0,8.9,121,115,
Edgar Jones,jonesed01,198304260SAS,SAS,game,False,22:00,.635,.571,.000,.286,14.9,8.1,11.1,4.1,3.7,8.6,11.3,14.0,132,103,
Mike Dunleavy,dunlemi01,198304260SAS,SAS,game,False,21:00,.414,.400,.400,.200,5.2,12.7,9.3,33.2,3.9,0.0,26.9,24.6,88,109,
Roger Phegley,pheglro01,198304260SAS,SAS,game,False,3:00,.532,.000,.000,2.000,0.0,0.0,0.0,0.0,0.0,0.0,0.0,21.8,132,120,
Ed Rains,rainsed01,198304260SAS,SAS,game,False,3:00,,,,,0.0,0.0,0.0,0.0,0.0,0.0,,0.0,,120,
Mike Sanders,sandemi01,198304260SAS,SAS,game,False,3:00,.000,.000,.000,.000,0.0,0.0,0.0,25.8,0.0,0.0,0.0,23.2,34,120,
Robert Smith,smithro01,198304260SAS,SAS,game,False,3:00,.500,.500,.000,.000,0.0,0.0,0.0,34.8,13.5,0.0,0.0,23.2,124,92,
T.R. Dunn,dunntr01,198304270SAS,DEN,game,True,42:00,.500,.500,.000,.000,2.3,18.2,9.7,10.2,1.1,1.2,42.9,6.5,77,115,
Kiki Vandeweghe,vandeki01,198304270SAS,DEN,game,True,38:00,.557,.500,.056,.222,0.0,14.4,6.7,17.7,0.0,0.0,9.2,22.4,109,119,
Bill Hanzlik,hanzlbi01,198304270SAS,DEN,game,True,34:00,.523,.500,.083,.083,0.0,3.2,1.5,7.3,1.3,0.0,13.9,16.6,93,120,
Dan Issel,isselda01,198304270SAS,DEN,game,True,18:00,.591,.563,.000,.250,0.0,12.1,5.7,23.2,2.5,5.4,5.3,40.8,113,111,
Rob Williams,williro02,198304270SAS,DEN,game,True,9:00,.579,.333,.000,1.000,0.0,12.1,5.7,12.8,0.0,0.0,41.0,31.8,74,119,
Mike Evans,evansmi01,198304270SAS,DEN,game,False,28:00,.506,.500,.111,.222,3.4,7.8,5.5,48.9,3.2,0.0,4.8,29.0,112,115,
Danny Schayes,schayda01,198304270SAS,DEN,game,False,26:00,.450,.375,.000,.250,11.1,16.8,13.7,13.4,1.7,0.0,31.1,19.4,80,114,
Glen Gondrezick,gondrgl01,198304270SAS,DEN,game,False,17:00,.500,.500,.000,.000,28.2,12.8,21.0,0.0,0.0,0.0,0.0,18.4,121,119,
Billy McKinney,mckinbi01,198304270SAS,DEN,game,False,17:00,.405,.444,.000,.222,5.6,6.4,6.0,31.6,0.0,0.0,0.0,22.7,100,121,
Dave Robisch,robisda01,198304270SAS,DEN,game,False,9:00,.000,.000,.000,2.000,10.7,24.2,17.0,0.0,0.0,5.4,0.0,8.2,35,112,
James Ray,rayja01,198304270SAS,DEN,game,False,2:00,,,,,0.0,0.0,0.0,0.0,0.0,0.0,,0.0,,121,
George Gervin,gervige01,198304270SAS,SAS,game,True,41:00,.723,.684,.000,.211,0.0,23.4,12.5,14.0,1.1,1.3,12.6,22.0,132,100,
Johnny Moore,moorejo01,198304270SAS,SAS,game,True,38:00,.542,.542,.000,.000,0.0,12.6,6.7,62.3,1.2,1.4,4.0,25.0,136,102,
Mike Mitchell,mitchmi01,198304270SAS,SAS,game,True,36:00,.742,.750,.000,.313,12.1,13.3,12.8,6.5,1.2,1.4,5.2,20.3,147,102,
Gene Banks,banksge01,198304270SAS,SAS,game,True,35:00,.333,.333,.000,.000,9.4,5.5,7.3,10.9,1.3,0.0,0.0,16.3,101,105,
Artis Gilmore,gilmoar01,198304270SAS,SAS,game,True,30:00,.500,.500,.000,.000,3.6,35.2,20.4,3.1,1.5,1.7,45.5,13.9,58,96,
Edgar Jones,jonesed01,198304270SAS,SAS,game,False,24:00,.579,.583,.000,.833,36.4,12.0,23.4,14.0,5.6,4.3,19.6,32.3,111,91,
Billy Paultz,paultbi01,198304270SAS,SAS,game,False,18:00,.600,.600,.000,.000,0.0,5.3,2.8,0.0,2.5,2.9,16.7,12.7,97,100,
Mike Dunleavy,dunlemi01,198304270SAS,SAS,game,False,13:00,.250,.250,.750,.000,0.0,7.4,3.9,34.6,0.0,0.0,20.0,14.6,88,108,
Roger Phegley,pheglro01,198304270SAS,SAS,game,False,3:00,,,,,0.0,0.0,0.0,0.0,0.0,0.0,,0.0,,109,
Mike Sanders,sandemi01,198304270SAS,SAS,game,False,1:00,.000,.000,.000,.000,0.0,0.0,0.0,0.0,0.0,0.0,0.0,38.0,0,109,
Robert Smith,smithro01,198304270SAS,SAS,game,False,1:00,,,,,100.0,0.0,51.1,84.2,0.0,0.0,,0.0,199,109,
Rory Sparrow,sparrro01,198304270PHI,NYK,game,True,41:00,.507,.467,.133,.267,2.3,5.3,3.7,32.5,1.2,0.0,19.3,19.9,100,105,
Truck Robinson,robintr01,198304270PHI,NYK,game,True,35:00,.519,.526,.000,.263,8.2,34.3,20.4,0.0,2.8,0.0,15.9,28.3,93,90,
Bernard King,kingbe01,198304270PHI,NYK,game,True,31:00,.465,.400,.000,.333,3.1,14.1,8.2,16.8,3.2,0.0,5.5,23.1,107,97,
Bill Cartwright,cartwbi01,198304270PHI,NYK,game,True,27:00,.000,.000,.000,.000,0.0,16.2,7.6,0.0,0.0,0.0,50.0,5.8,0,103,
Paul Westphal,westppa01,198304270PHI,NYK,game,True,25:00,.425,.300,.600,.400,0.0,4.4,2.0,27.4,0.0,2.5,25.4,12.4,91,107,
Marvin Webster,webstma01,198304270PHI,NYK,game,False,20:00,.250,.250,.000,.000,14.4,0.0,7.7,0.0,0.0,6.3,20.0,9.8,67,106,
Trent Tucker,tucketr01,198304270PHI,NYK,game,False,19:00,.727,.667,.167,.333,10.1,17.2,13.4,9.4,0.0,0.0,0.0,14.2,162,103,
Louis Orr,orrlo01,198304270PHI,NYK,game,False,17:00,.413,.333,.000,.250,22.6,12.8,18.0,11.0,8.6,0.0,18.4,37.7,85,87,
Sly Williams,willisl01,198304270PHI,NYK,game,False,13:00,.273,.273,.000,.000,29.5,0.0,15.7,14.2,0.0,0.0,8.3,36.2,74,110,
Ernie Grunfeld,grunfer01,198304270PHI,NYK,game,False,11:00,.250,.250,.000,.000,0.0,0.0,0.0,13.4,8.9,0.0,33.3,21.4,43,91,
Mike Davis,davismi03,198304270PHI,NYK,game,False,1:00,,,,,0.0,0.0,0.0,0.0,0.0,0.0,,0.0,,110,
Moses Malone,malonmo01,198304270PHI,PHI,game,True,45:00,.573,.500,.050,.700,14.5,23.5,19.3,4.8,4.3,3.7,16.0,28.5,111,82,
Maurice Cheeks,cheekma01,198304270PHI,PHI,game,True,41:00,.614,.533,.067,.933,5.3,9.4,7.5,29.7,4.8,1.3,15.9,25.3,119,90,
Julius Erving,ervinju01,198304270PHI,PHI,game,True,38:00,.460,.400,.000,.200,8.6,10.1,9.4,16.6,1.3,4.4,12.1,26.8,101,94,
Clint Richardson,richacl01,198304270PHI,PHI,game,True,33:00,.167,.167,.000,.000,6.6,14.5,10.8,4.6,0.0,1.7,25.0,10.0,48,96,
Marc Iavaroni,iavarma01,198304270PHI,PHI,game,True,15:00,.000,.000,.000,.000,0.0,6.4,3.4,0.0,0.0,0.0,25.0,11.0,0,101,
Clemon Johnson,johnscl01,198304270PHI,PHI,game,False,33:00,.833,.833,.000,.000,13.2,11.6,12.4,5.7,1.5,1.7,25.0,10.0,129,95,
Franklin Edwards,edwarfr01,198304270PHI,PHI,game,False,22:00,.434,.125,.000,1.000,0.0,13.1,7.0,21.2,0.0,0.0,8.0,23.4,109,98,
Reggie Johnson,johnsre01,198304270PHI,PHI,game,False,13:00,,,,,0.0,0.0,0.0,11.2,0.0,0.0,100.0,9.5,12,104,
Sidney Moncrief,moncrsi01,198304270BOS,MIL,game,True,39:00,.548,.588,.000,.412,7.1,13.1,9.9,13.4,1.2,0.0,9.1,22.0,114,96,
Marques Johnson,johnsma01,198304270BOS,MIL,game,True,38:00,.539,.500,.000,.286,7.3,13.4,10.2,15.7,1.2,1.4,6.0,17.1,127,94,
Alton Lister,listeal01,198304270BOS,MIL,game,True,27:00,.300,.300,.000,.000,13.7,18.9,16.2,4.1,0.0,0.0,16.7,17.2,78,96,
Paul Pressey,presspa01,198304270BOS,MIL,game,True,25:00,.512,.625,.000,.500,7.4,12.3,9.7,14.6,3.7,2.2,17.0,18.2,98,88,
Bob Lanier,laniebo01,198304270BOS,MIL,game,True,23:00,.815,.833,.000,.167,4.0,40.0,21.1,0.0,0.0,2.3,0.0,21.7,167,88,
Junior Bridgeman,bridgju01,198304270BOS,MIL,game,False,24:00,.448,.308,.077,.462,3.8,8.5,6.1,9.8,0.0,0.0,11.3,28.5,101,99,
Brian Winters,wintebr01,198304270BOS,MIL,game,False,23:00,.574,.550,.100,.300,8.0,8.9,8.4,21.6,2.0,2.3,30.6,27.5,94,93,
Harvey Catchings,catchha01,198304270BOS,MIL,game,False,17:00,.615,.500,.000,.500,16.3,18.0,17.1,0.0,0.0,15.9,0.0,5.6,161,82,
Charlie Criss,crissch01,198304270BOS,MIL,game,False,11:00,.400,.400,.000,.000,0.0,18.6,8.8,10.8,0.0,0.0,0.0,17.6,103,96,
Paul Mokeski,mokespa01,198304270BOS,MIL,game,False,9:00,.500,.500,.000,.000,10.3,0.0,5.4,13.9,0.0,0.0,0.0,17.2,129,101,
Phil Ford,fordph01,198304270BOS,MIL,game,False,4:00,.347,.000,.000,1.000,0.0,0.0,0.0,24.5,0.0,0.0,0.0,27.9,107,101,
Larry Bird,birdla01,198304270BOS,BOS,game,True,35:00,.453,.412,.000,.235,8.8,18.5,13.9,19.3,5.4,0.0,9.6,24.4,96,102,
Robert Parish,parisro01,198304270BOS,BOS,game,True,35:00,.648,.615,.000,.154,2.9,29.0,16.6,0.0,2.7,0.0,12.6,18.7,112,104,
Cedric Maxwell,maxwece01,198304270BOS,BOS,game,True,33:00,.500,.500,.000,.000,15.5,19.6,17.6,12.4,0.0,0.0,33.3,7.5,102,113,
Gerald Henderson,hendege01,198304270BOS,BOS,game,True,23:00,.333,.333,.000,.000,4.4,0.0,2.1,35.2,2.0,0.0,14.3,25.1,75,116,
Danny Ainge,aingeda01,198304270BOS,BOS,game,True,17:00,.333,.333,.111,.000,0.0,10.9,5.7,28.7,0.0,0.0,10.0,24.2,73,116,
Tiny Archibald,architi01,198304270BOS,BOS,game,False,27:00,.516,.382,.059,.706,0.0,0.0,0.0,45.5,0.0,0.0,11.9,38.6,104,120,
Kevin McHale,mchalke01,198304270BOS,BOS,game,False,26:00,.571,.571,.000,.571,3.9,3.6,3.7,0.0,0.0,1.9,0.0,13.9,119,118,
Quinn Buckner,bucknqu01,198304270BOS,BOS,game,False,16:00,.600,.600,.000,.000,0.0,5.8,3.0,10.3,0.0,0.0,28.6,18.0,82,117,
M.L. Carr,carrml01,198304270BOS,BOS,game,False,12:00,.250,.250,.000,.000,0.0,0.0,0.0,0.0,0.0,0.0,0.0,13.7,55,120,
Rick Robey,robeyri01,198304270BOS,BOS,game,False,8:00,.266,.000,.000,2.000,0.0,23.1,12.1,0.0,0.0,0.0,0.0,9.7,62,109,
Scott Wedman,wedmasc01,198304270BOS,BOS,game,False,6:00,.000,.000,.333,.000,0.0,15.4,8.1,0.0,0.0,0.0,0.0,20.6,0,115,
Charles Bradley,bradlch01,198304270BOS,BOS,game,False,2:00,,,,,0.0,0.0,0.0,0.0,0.0,0.0,,0.0,,121,
Moses Malone,malonmo01,198304300NYK,PHI,game,True,42:00,.574,.600,.000,.500,16.3,21.3,18.8,7.5,2.4,0.0,3.9,25.2,124,107,
Julius Erving,ervinju01,198304300NYK,PHI,game,True,40:00,.462,.474,.000,.316,8.6,22.3,15.5,18.1,1.3,3.3,21.7,28.8,86,107,
Maurice Cheeks,cheekma01,198304300NYK,PHI,game,True,36:00,.626,.500,.077,1.077,6.3,6.2,6.3,25.9,0.0,0.0,13.5,25.7,128,116,
Andrew Toney,toneyan01,198304300NYK,PHI,game,True,19:00,.143,.143,.143,.000,0.0,0.0,0.0,6.1,2.7,0.0,0.0,15.4,47,112,
Marc Iavaroni,iavarma01,198304300NYK,PHI,game,True,12:00,.750,.750,.000,.000,9.5,9.3,9.4,0.0,0.0,0.0,0.0,13.9,157,116,
Bobby Jones,jonesbo01,198304300NYK,PHI,game,False,25:00,.600,.600,.000,.000,0.0,26.8,13.6,20.1,0.0,0.0,16.7,10.0,119,111,
Clint Richardson,richacl01,198304300NYK,PHI,game,False,24:00,.200,.200,.000,.000,14.3,9.3,11.8,9.5,2.1,0.0,16.7,10.4,78,110,
Franklin Edwards,edwarfr01,198304300NYK,PHI,game,False,22:00,.506,.500,.000,.200,0.0,5.1,2.6,19.8,6.9,0.0,0.0,20.6,120,103,
Clemon Johnson,johnscl01,198304300NYK,PHI,game,False,20:00,.800,.800,.000,.000,0.0,16.7,8.5,14.0,0.0,0.0,16.7,12.5,133,113,
Rory Sparrow,sparrro01,198304300NYK,NYK,game,True,40:00,.487,.375,.063,.500,0.0,2.9,1.4,24.2,1.3,0.0,9.3,24.2,105,116,
Truck Robinson,robintr01,198304300NYK,NYK,game,True,37:00,.392,.455,.000,.364,15.1,30.9,22.9,12.8,4.1,0.0,7.3,16.7,98,102,
Bill Cartwright,cartwbi01,198304300NYK,NYK,game,True,29:00,.857,.875,.000,.875,11.5,23.6,17.5,0.0,0.0,0.0,8.3,18.7,159,112,
Bernard King,kingbe01,198304300NYK,NYK,game,True,28:00,.581,.533,.000,.467,4.0,4.1,4.0,7.4,0.0,0.0,14.2,33.8,103,117,
Paul Westphal,westppa01,198304300NYK,NYK,game,True,23:00,.592,.500,.400,.800,0.0,0.0,0.0,38.1,2.2,0.0,0.0,13.2,146,116,
Ernie Grunfeld,grunfer01,198304300NYK,NYK,game,False,22:00,.489,.286,.000,.714,5.1,10.4,7.7,6.7,2.3,0.0,0.0,18.8,120,111,
Louis Orr,orrlo01,198304300NYK,NYK,game,False,21:00,.558,.444,.000,.444,5.3,10.9,8.1,16.4,2.4,2.7,27.1,31.6,90,109,
Marvin Webster,webstma01,198304300NYK,NYK,game,False,19:00,.000,.000,.000,2.000,0.0,18.0,8.9,0.0,0.0,5.9,0.0,4.4,0,110,
Trent Tucker,tucketr01,198304300NYK,NYK,game,False,11:00,.798,1.000,.000,2.000,0.0,10.4,5.1,13.4,0.0,0.0,0.0,7.7,165,116,
Sly Williams,willisl01,198304300NYK,NYK,game,False,10:00,.667,.667,.000,.000,11.2,11.4,11.3,35.0,0.0,0.0,25.0,18.0,116,116,
Moses Malone,malonmo01,198305010NYK,PHI,game,True,38:00,.651,.529,.000,.706,7.0,39.9,23.9,4.1,0.0,3.4,15.2,30.8,120,102,
Maurice Cheeks,cheekma01,198305010NYK,PHI,game,True,35:00,.600,.600,.000,.000,0.0,7.2,3.7,25.3,1.5,0.0,28.6,8.9,112,110,
Julius Erving,ervinju01,198305010NYK,PHI,game,True,34:00,.510,.467,.000,.400,11.8,14.9,13.4,13.2,1.5,3.8,5.4,24.4,116,105,
Marc Iavaroni,iavarma01,198305010NYK,PHI,game,True,29:00,.850,1.000,.000,.400,13.8,8.7,11.2,9.8,0.0,0.0,25.4,12.1,127,113,
Andrew Toney,toneyan01,198305010NYK,PHI,game,True,21:00,.470,.500,.000,.143,12.7,6.0,9.3,44.0,0.0,0.0,21.2,40.0,90,113,
Clint Richardson,richacl01,198305010NYK,PHI,game,False,22:00,.571,.571,.000,.000,0.0,0.0,0.0,0.0,0.0,0.0,12.5,16.2,100,115,
Bobby Jones,jonesbo01,198305010NYK,PHI,game,False,21:00,.554,.400,.000,.600,0.0,12.0,6.2,6.1,0.0,3.0,24.0,17.6,94,109,
Franklin Edwards,edwarfr01,198305010NYK,PHI,game,False,18:00,.654,.667,.000,.333,0.0,14.0,7.2,8.5,0.0,0.0,12.7,19.5,117,111,
Reggie Johnson,johnsre01,198305010NYK,PHI,game,False,11:00,1.136,,,,0.0,0.0,0.0,10.4,4.6,0.0,0.0,3.6,237,105,
Clemon Johnson,johnscl01,198305010NYK,PHI,game,False,7:00,.333,.333,.000,.000,19.0,18.0,18.5,19.5,0.0,0.0,0.0,19.1,104,110,
Earl Cureton,curetea01,198305010NYK,PHI,game,False,4:00,,,,,0.0,63.2,32.4,0.0,0.0,0.0,100.0,11.1,0,98,
Truck Robinson,robintr01,198305010NYK,NYK,game,True,42:00,.623,.545,.000,.545,15.0,31.7,23.2,19.6,1.2,0.0,12.8,16.6,129,107,
Bernard King,kingbe01,198305010NYK,NYK,game,True,41:00,.660,.587,.130,.348,6.2,13.0,9.5,5.6,0.0,0.0,7.0,31.1,127,113,
Rory Sparrow,sparrro01,198305010NYK,NYK,game,True,35:00,.252,.231,.000,.154,0.0,3.8,1.9,34.4,0.0,0.0,6.7,19.0,76,115,
Bill Cartwright,cartwbi01,198305010NYK,NYK,game,True,30:00,.490,.375,.000,.625,4.2,4.4,4.3,10.3,1.7,0.0,22.7,19.6,87,111,
Paul Westphal,westppa01,198305010NYK,NYK,game,True,29:00,.643,.650,.100,.200,0.0,13.8,6.7,50.8,0.0,0.0,15.5,19.8,120,113,
Ernie Grunfeld,grunfer01,198305010NYK,NYK,game,False,22:00,.436,.333,.000,.333,0.0,0.0,0.0,13.8,4.6,0.0,22.5,18.0,79,106,
Marvin Webster,webstma01,198305010NYK,NYK,game,False,18:00,.885,1.000,.000,8.000,14.0,22.2,18.0,0.0,0.0,0.0,18.1,13.7,155,110,
Louis Orr,orrlo01,198305010NYK,NYK,game,False,13:00,.000,.000,.000,.000,0.0,30.8,15.0,0.0,0.0,0.0,0.0,17.2,0,109,
Trent Tucker,tucketr01,198305010NYK,NYK,game,False,9:00,.833,.833,.333,.000,0.0,0.0,0.0,0.0,0.0,0.0,0.0,14.9,152,115,
Ed Sherod,sheroed01,198305010NYK,NYK,game,False,1:00,,,,,0.0,0.0,0.0,100.0,0.0,0.0,,0.0,208,116,
Magic Johnson,johnsma02,198305010POR,LAL,game,True,44:00,.357,.357,.214,.000,11.8,7.1,9.2,23.9,0.0,1.3,30.0,19.9,77,121,
Jamaal Wilkes,wilkeja01,198305010POR,LAL,game,True,40:00,.333,.333,.000,.000,0.0,10.4,5.8,24.1,1.3,0.0,18.2,24.1,75,118,
Kareem Abdul-Jabbar,abdulka01,198305010POR,LAL,game,True,39:00,.713,.684,.000,.579,10.0,16.1,13.3,14.2,2.6,11.6,4.0,27.9,148,105,
Norm Nixon,nixonno01,198305010POR,LAL,game,True,36:00,.385,.385,.000,.000,0.0,5.8,3.2,7.5,1.4,0.0,18.8,19.5,73,119,
Kurt Rambis,rambiku01,198305010POR,LAL,game,True,20:00,.820,.833,.000,.500,13.0,26.1,20.2,16.0,10.2,0.0,12.0,18.2,148,93,
Michael Cooper,coopemi01,198305010POR,LAL,game,False,33:00,.500,.500,.167,.000,3.9,9.5,7.0,15.5,1.5,0.0,14.3,9.3,111,117,
Dwight Jones,jonesdw01,198305010POR,LAL,game,False,17:00,.727,.667,.000,.333,15.3,24.6,20.4,0.0,3.0,0.0,46.6,16.6,81,108,
Mark Landsberger,landsma01,198305010POR,LAL,game,False,10:00,.750,.750,.000,.000,13.0,10.4,11.6,0.0,0.0,0.0,20.0,21.9,113,120,
Steve Mix,mixst01,198305010POR,LAL,game,False,1:00,,,,,0.0,0.0,0.0,0.0,0.0,0.0,,0.0,,124,
Mychal Thompson,thompmy01,198305010POR,POR,game,True,41:00,.467,.438,.000,.313,10.2,12.7,11.3,3.5,3.7,1.5,24.8,24.7,81,97,
Calvin Natt,nattca01,198305010POR,POR,game,True,38:00,.440,.385,.000,.308,11.0,20.5,15.2,3.5,0.0,1.6,0.0,16.2,116,102,
Jim Paxson,paxsoji02,198305010POR,POR,game,True,35:00,.597,.533,.000,.267,3.0,7.4,5.0,17.7,0.0,0.0,10.7,22.4,122,107,
Darnell Valentine,valenda01,198305010POR,POR,game,True,32:00,.610,.577,.077,.308,6.5,4.1,5.4,52.4,3.2,1.9,6.3,20.6,142,100,
Wayne Cooper,coopewa01,198305010POR,POR,game,True,20:00,.635,.571,.000,.286,0.0,32.4,14.5,7.4,0.0,0.0,38.8,26.9,75,100,
Kenny Carr,carrke01,198305010POR,POR,game,False,30:00,.553,.500,.000,.400,17.4,17.3,17.3,4.7,1.7,0.0,14.5,19.2,114,101,
Fat Lever,leverfa01,198305010POR,POR,game,False,16:00,.615,.500,.000,.500,6.5,0.0,3.6,33.3,3.2,0.0,0.0,12.8,158,102,
Audie Norris,norriau01,198305010POR,POR,game,False,15:00,.500,.500,.000,.000,7.0,17.3,11.6,27.0,6.8,0.0,0.0,11.2,137,90,
Don Buse,busedo01,198305010POR,POR,game,False,13:00,.608,.500,.000,1.000,0.0,0.0,0.0,32.0,0.0,0.0,0.0,18.5,148,109,
Cedric Maxwell,maxwece01,198305010MIL,BOS,game,True,42:00,.535,.364,.000,.818,10.6,5.1,7.8,19.9,0.0,1.4,6.3,16.4,129,117,
Robert Parish,parisro01,198305010MIL,BOS,game,True,39:00,.551,.364,.000,.727,8.6,16.4,12.6,3.6,0.0,0.0,21.6,20.5,101,114,
Larry Bird,birdla01,198305010MIL,BOS,game,True,36:00,.459,.455,.000,.091,12.4,29.6,21.2,31.2,8.4,0.0,11.6,31.1,99,92,
Gerald Henderson,hendege01,198305010MIL,BOS,game,True,32:00,.576,.538,.077,.154,0.0,3.3,1.7,26.3,1.6,0.0,6.7,20.1,122,116,
Danny Ainge,aingeda01,198305010MIL,BOS,game,True,19:00,.500,.500,.000,.000,0.0,5.6,2.9,24.1,0.0,0.0,14.3,15.9,100,118,
Quinn Buckner,bucknqu01,198305010MIL,BOS,game,False,22:00,.333,.333,.167,.000,0.0,4.8,2.5,0.0,0.0,0.0,14.3,13.8,62,118,
Kevin McHale,mchalke01,198305010MIL,BOS,game,False,22:00,.740,.800,.000,.800,5.1,24.2,14.9,0.0,0.0,2.7,12.9,15.3,125,109,
Tiny Archibald,architi01,198305010MIL,BOS,game,False,21:00,.364,.364,.091,.000,10.6,0.0,5.2,30.6,2.4,0.0,15.4,26.8,84,115,
Scott Wedman,wedmasc01,198305010MIL,BOS,game,False,7:00,1.000,1.000,.000,.000,0.0,30.5,15.6,0.0,0.0,0.0,0.0,6.2,200,107,
Marques Johnson,johnsma01,198305010MIL,MIL,game,True,46:00,.452,.435,.000,.130,2.3,14.6,8.3,10.2,0.0,0.0,7.6,23.7,100,107,
Sidney Moncrief,moncrsi01,198305010MIL,MIL,game,True,45:00,.503,.429,.048,.524,9.5,2.5,6.1,10.2,2.2,0.0,7.2,25.7,114,106,
Bob Lanier,laniebo01,198305010MIL,MIL,game,True,29:00,.421,.429,.000,.429,0.0,26.9,13.2,27.6,0.0,0.0,37.5,19.1,70,103,
Alton Lister,listeal01,198305010MIL,MIL,game,True,15:00,.532,.000,.000,2.000,21.3,29.8,25.5,0.0,0.0,0.0,61.5,13.5,68,101,
Paul Pressey,presspa01,198305010MIL,MIL,game,True,10:00,.521,.500,.000,1.000,0.0,11.2,5.5,0.0,5.0,0.0,58.1,28.6,40,97,
Junior Bridgeman,bridgju01,198305010MIL,MIL,game,False,34:00,.625,.538,.000,.385,15.7,16.4,16.0,22.7,1.5,0.0,0.0,18.6,154,103,
Harvey Catchings,catchha01,198305010MIL,MIL,game,False,31:00,.727,.667,.000,.333,10.3,10.8,10.6,8.9,0.0,3.7,0.0,9.2,168,105,
Brian Winters,wintebr01,198305010MIL,MIL,game,False,26:00,.775,.722,.222,.333,4.1,4.3,4.2,18.5,1.9,0.0,8.8,18.1,153,106,
Charlie Criss,crissch01,198305010MIL,MIL,game,False,3:00,.333,.333,.000,.000,0.0,0.0,0.0,0.0,0.0,0.0,0.0,41.5,79,112,
Paul Mokeski,mokespa01,198305010MIL,MIL,game,False,1:00,,,,,0.0,100.0,54.5,0.0,0.0,0.0,,0.0,,74,
Larry Bird,birdla01,198305020MIL,BOS,game,True,40:00,.450,.450,.000,.000,10.2,21.0,15.2,39.7,1.3,0.0,23.1,27.1,84,111,
Danny Ainge,aingeda01,198305020MIL,BOS,game,True,38:00,.475,.286,.000,1.143,0.0,12.6,5.8,15.6,0.0,0.0,8.7,12.6,107,117,
Cedric Maxwell,maxwece01,198305020MIL,BOS,game,True,31:00,.915,.833,.000,.833,3.3,3.9,3.6,17.0,3.3,0.0,26.8,15.1,132,113,
Gerald Henderson,hendege01,198305020MIL,BOS,game,True,30:00,.286,.286,.071,.000,10.2,0.0,5.5,33.6,1.7,0.0,6.7,20.9,82,118,
Robert Parish,parisro01,198305020MIL,BOS,game,True,30:00,.564,.500,.000,.750,3.4,16.0,9.2,5.6,1.7,3.8,22.0,19.0,93,110,
Kevin McHale,mchalke01,198305020MIL,BOS,game,False,24:00,.461,.500,.000,.500,17.0,15.0,16.1,0.0,4.2,0.0,0.0,17.0,107,107,
Tiny Archibald,architi01,198305020MIL,BOS,game,False,17:00,.379,.273,.091,.455,0.0,14.1,6.5,42.6,0.0,0.0,0.0,32.4,99,116,
Scott Wedman,wedmasc01,198305020MIL,BOS,game,False,17:00,.444,.429,.000,.286,6.0,14.1,9.7,0.0,3.0,0.0,0.0,19.3,100,110,
M.L. Carr,carrml01,198305020MIL,BOS,game,False,8:00,.410,.250,.250,.500,12.8,0.0,6.9,0.0,6.3,0.0,0.0,25.4,105,109,
Quinn Buckner,bucknqu01,198305020MIL,BOS,game,False,3:00,.000,.000,.000,.000,0.0,0.0,0.0,0.0,0.0,0.0,0.0,27.8,0,122,
Rick Robey,robeyri01,198305020MIL,BOS,game,False,2:00,,,,,0.0,0.0,0.0,0.0,0.0,0.0,,0.0,,122,
Sidney Moncrief,moncrsi01,198305020MIL,MIL,game,True,41:00,.675,.600,.000,.533,5.9,7.5,6.7,19.9,1.2,0.0,9.7,20.9,140,102,
Marques Johnson,johnsma01,198305020MIL,MIL,game,True,40:00,.585,.538,.000,.192,15.0,10.2,12.4,31.0,0.0,2.9,9.6,32.5,127,102,
Bob Lanier,laniebo01,198305020MIL,MIL,game,True,27:00,.563,.500,.000,.250,4.4,15.1,10.2,0.0,1.9,2.1,25.3,18.3,91,97,
Alton Lister,listeal01,198305020MIL,MIL,game,True,26:00,.286,.286,.000,.000,13.8,31.4,23.3,10.2,3.9,6.6,22.2,14.4,76,83,
Paul Pressey,presspa01,198305020MIL,MIL,game,True,22:00,.347,.250,.000,1.000,5.5,13.9,10.0,11.5,0.0,0.0,34.2,16.6,64,102,
Junior Bridgeman,bridgju01,198305020MIL,MIL,game,False,32:00,.384,.308,.000,.231,7.5,6.4,6.9,17.6,0.0,0.0,12.3,21.3,97,105,
Brian Winters,wintebr01,198305020MIL,MIL,game,False,31:00,.607,.556,.000,.222,3.9,9.9,7.1,24.0,3.3,1.8,16.8,16.0,121,96,
Harvey Catchings,catchha01,198305020MIL,MIL,game,False,16:00,.500,.500,.000,.000,15.0,25.5,20.7,0.0,0.0,3.6,0.0,5.2,141,94,
Charlie Criss,crissch01,198305020MIL,MIL,game,False,3:00,1.136,,,,0.0,34.0,18.4,0.0,0.0,0.0,53.2,26.1,106,93,
Phil Ford,fordph01,198305020MIL,MIL,game,False,1:00,1.136,,,,0.0,0.0,0.0,0.0,0.0,0.0,0.0,73.3,250,108,
Paul Mokeski,mokespa01,198305020MIL,MIL,game,False,1:00,,,,,0.0,0.0,0.0,0.0,50.5,0.0,,0.0,,9,
Calvin Natt,nattca01,198305030LAL,POR,game,True,39:00,.482,.467,.000,.400,14.8,15.8,15.2,3.5,3.6,0.0,5.4,19.6,107,109,
Jim Paxson,paxsoji02,198305030LAL,POR,game,True,36:00,.810,.778,.167,.222,0.0,6.8,3.0,10.0,1.3,0.0,20.2,28.2,118,116,
Mychal Thompson,thompmy01,198305030LAL,POR,game,True,35:00,.387,.333,.000,.667,2.7,31.6,15.4,16.6,0.0,3.1,20.5,11.5,86,111,
Wayne Cooper,coopewa01,198305030LAL,POR,game,True,32:00,.409,.400,.000,.133,6.0,11.5,8.4,12.9,0.0,3.4,11.2,22.9,85,114,
Darnell Valentine,valenda01,198305030LAL,POR,game,True,26:00,.406,.364,.000,.273,0.0,4.7,2.1,40.3,1.8,0.0,14.0,22.6,93,115,
Fat Lever,leverfa01,198305030LAL,POR,game,False,22:00,.507,.500,.000,.250,8.7,16.8,12.3,43.3,2.1,0.0,0.0,16.6,131,112,
Kenny Carr,carrke01,198305030LAL,POR,game,False,21:00,.190,.143,.000,.286,4.6,11.7,7.7,16.4,0.0,5.2,20.2,19.3,54,112,
Linton Townes,towneli01,198305030LAL,POR,game,False,12:00,.825,.786,.429,.286,0.0,10.3,4.5,33.3,0.0,0.0,0.0,27.0,165,117,
Audie Norris,norriau01,198305030LAL,POR,game,False,9:00,.868,1.000,.000,1.000,10.7,0.0,6.0,0.0,0.0,0.0,0.0,13.1,172,120,
Don Buse,busedo01,198305030LAL,POR,game,False,6:00,.000,.000,.000,.000,0.0,20.5,9.0,0.0,0.0,0.0,0.0,13.7,0,116,
Hank McDowell,mcdowha01,198305030LAL,POR,game,False,2:00,,,,,0.0,100.0,53.9,100.0,0.0,0.0,,0.0,207,96,
Norm Nixon,nixonno01,198305030LAL,LAL,game,True,43:00,.673,.680,.000,.160,5.7,8.9,7.5,22.3,0.0,0.0,3.6,26.7,135,111,
Magic Johnson,johnsma02,198305030LAL,LAL,game,True,40:00,.732,.643,.286,.500,9.2,9.6,9.4,47.1,4.7,0.0,14.9,20.8,144,101,
Jamaal Wilkes,wilkeja01,198305030LAL,LAL,game,True,34:00,.537,.533,.000,.267,7.2,11.3,9.5,15.0,1.4,0.0,10.7,22.8,107,107,
Kareem Abdul-Jabbar,abdulka01,198305030LAL,LAL,game,True,32:00,.560,.529,.000,.235,0.0,33.0,18.5,16.9,1.5,7.1,5.1,25.6,114,95,
Kurt Rambis,rambiku01,198305030LAL,LAL,game,True,28:00,.307,.250,.250,.500,4.4,20.6,13.5,10.9,1.7,2.0,29.1,10.2,71,103,
Michael Cooper,coopemi01,198305030LAL,LAL,game,False,28:00,.461,.375,.000,.500,0.0,10.3,5.8,3.9,3.3,0.0,17.0,17.4,83,103,
Mark Landsberger,landsma01,198305030LAL,LAL,game,False,20:00,.000,.000,.000,.000,12.3,19.2,16.2,0.0,0.0,0.0,16.7,12.4,28,108,
Dwight Jones,jonesdw01,198305030LAL,LAL,game,False,11:00,.500,.500,.000,.000,0.0,8.7,4.9,0.0,0.0,0.0,0.0,15.0,101,111,
Steve Mix,mixst01,198305030LAL,LAL,game,False,4:00,.000,.000,.000,.000,0.0,0.0,0.0,0.0,0.0,0.0,0.0,10.3,0,114,
Alex English,englial01,198305040SAS,DEN,game,True,33:00,.461,.375,.000,.500,4.0,0.0,2.4,18.0,0.0,1.2,4.9,21.5,101,125,
Kiki Vandeweghe,vandeki01,198305040SAS,DEN,game,True,28:00,.366,.313,.063,.250,4.8,7.0,5.7,5.3,0.0,0.0,10.1,24.4,75,124,
T.R. Dunn,dunntr01,198305040SAS,DEN,game,True,26:00,.508,.429,.000,.286,5.1,22.6,12.2,10.4,1.5,0.0,20.2,13.2,93,116,
Dan Issel,isselda01,198305040SAS,DEN,game,True,23:00,.417,.417,.000,.000,0.0,21.3,8.6,27.3,3.4,0.0,14.3,21.1,79,112,
Rob Williams,williro02,198305040SAS,DEN,game,True,17:00,.643,.643,.143,.000,3.9,23.0,11.7,61.3,6.9,0.0,22.2,36.7,98,105,
Mike Evans,evansmi01,198305040SAS,DEN,game,False,30:00,.295,.273,.091,.182,0.0,6.5,2.6,26.5,0.0,0.0,14.4,16.0,67,124,
Billy McKinney,mckinbi01,198305040SAS,DEN,game,False,23:00,.683,.667,.000,.500,2.9,8.5,5.2,17.2,1.7,0.0,6.4,23.5,129,120,
Glen Gondrezick,gondrgl01,198305040SAS,DEN,game,False,19:00,.143,.143,.000,.000,10.5,15.5,12.5,0.0,0.0,0.0,0.0,12.8,53,121,
Danny Schayes,schayda01,198305040SAS,DEN,game,False,15:00,.554,.400,.000,.600,8.9,6.5,7.9,0.0,0.0,0.0,13.7,16.9,107,124,
James Ray,rayja01,198305040SAS,DEN,game,False,13:00,.087,.000,.000,1.000,5.1,15.1,9.2,0.0,0.0,3.2,0.0,15.3,30,119,
Dave Robisch,robisda01,198305040SAS,DEN,game,False,10:00,.000,.000,.000,.000,13.3,29.4,19.8,11.7,0.0,0.0,0.0,13.8,38,117,
Bill Hanzlik,hanzlbi01,198305040SAS,DEN,game,False,3:00,.568,,,,0.0,0.0,0.0,0.0,13.1,13.7,69.4,33.2,33,89,
George Gervin,gervige01,198305040SAS,SAS,game,True,30:00,.714,.688,.000,.313,3.3,13.3,9.3,13.0,2.6,0.0,14.2,23.1,127,87,
Johnny Moore,moorejo01,198305040SAS,SAS,game,True,29:00,.667,.667,.000,.000,0.0,2.3,1.4,42.7,6.8,0.0,25.0,22.5,115,83,
Artis Gilmore,gilmoar01,198305040SAS,SAS,game,True,27:00,.644,.636,.000,.455,7.3,32.1,22.0,3.3,0.0,8.5,7.0,17.2,129,77,
Mike Mitchell,mitchmi01,198305040SAS,SAS,game,True,27:00,.250,.250,.000,.000,7.3,14.8,11.8,2.9,1.5,5.1,25.0,19.4,53,84,
Gene Banks,banksge01,198305040SAS,SAS,game,True,26:00,.856,.846,.000,.077,0.0,7.7,4.6,23.7,1.5,0.0,6.9,18.2,162,91,
Billy Paultz,paultbi01,198305040SAS,SAS,game,False,21:00,.231,.231,.000,.000,18.7,25.4,22.7,15.2,1.9,2.2,0.0,20.2,91,81,
Edgar Jones,jonesed01,198305040SAS,SAS,game,False,20:00,.467,.467,.000,.000,24.5,20.0,21.8,28.7,0.0,2.3,6.3,26.2,120,87,
Mike Dunleavy,dunlemi01,198305040SAS,SAS,game,False,18:00,.625,.625,.500,.000,0.0,11.1,6.6,43.2,4.4,0.0,20.0,9.1,144,85,
Mike Sanders,sandemi01,198305040SAS,SAS,game,False,16:00,.714,.714,.000,.000,6.1,20.8,14.9,11.5,0.0,0.0,0.0,14.3,155,89,
Roger Phegley,pheglro01,198305040SAS,SAS,game,False,14:00,.667,.667,.333,.000,7.0,19.0,14.2,6.9,0.0,0.0,0.0,21.0,144,90,
Ed Rains,rainsed01,198305040SAS,SAS,game,False,6:00,.400,.400,.200,.000,16.3,0.0,6.6,15.7,0.0,0.0,16.7,32.7,87,98,
Robert Smith,smithro01,198305040SAS,SAS,game,False,6:00,.250,.250,.250,.000,32.7,11.1,19.8,27.1,0.0,0.0,20.0,27.2,84,93,
Marques Johnson,johnsma01,198305080PHI,MIL,game,True,48:00,.604,.550,.000,.550,2.6,5.3,3.9,17.3,2.2,0.0,10.8,24.5,128,111,
Sidney Moncrief,moncrsi01,198305080PHI,MIL,game,True,45:00,.280,.111,.000,.889,13.7,8.4,11.1,16.5,3.5,1.3,39.0,19.3,63,106,
Bob Lanier,laniebo01,198305080PHI,MIL,game,True,27:00,.697,.667,.000,.444,13.7,28.0,20.8,36.6,1.9,2.2,15.7,20.0,138,100,
Alton Lister,listeal01,198305080PHI,MIL,game,True,21:00,.750,.750,.000,.000,0.0,12.0,5.9,13.9,5.0,2.9,55.6,18.1,64,101,
Paul Pressey,presspa01,198305080PHI,MIL,game,True,19:00,.850,.800,.000,.400,13.0,0.0,6.6,0.0,2.8,0.0,14.5,15.3,149,111,
Brian Winters,wintebr01,198305080PHI,MIL,game,False,42:00,.491,.469,.125,.188,0.0,9.0,4.5,14.4,0.0,0.0,10.4,19.5,112,114,
Junior Bridgeman,bridgju01,198305080PHI,MIL,game,False,34:00,.550,.550,.050,.000,25.4,0.0,12.8,11.6,1.5,0.0,4.8,26.1,130,113,
Harvey Catchings,catchha01,198305080PHI,MIL,game,False,19:00,.000,.000,.000,.000,19.5,26.6,23.0,6.3,0.0,0.0,50.0,8.9,44,107,
Charlie Criss,crissch01,198305080PHI,MIL,game,False,9:00,.333,.333,.000,.000,0.0,0.0,0.0,30.9,0.0,0.0,25.0,18.8,81,117,
Paul Mokeski,mokespa01,198305080PHI,MIL,game,False,1:00,,,,,0.0,0.0,0.0,0.0,0.0,0.0,,0.0,,118,
Maurice Cheeks,cheekma01,198305080PHI,PHI,game,True,45:00,.644,.667,.000,.278,5.6,11.0,8.3,25.1,4.6,0.0,16.5,22.7,125,104,
Moses Malone,malonmo01,198305080PHI,PHI,game,True,44:00,.410,.357,.000,.500,17.2,16.8,17.0,0.0,2.4,2.8,34.5,25.0,69,104,
Julius Erving,ervinju01,198305080PHI,PHI,game,True,43:00,.542,.500,.000,.571,2.9,2.9,2.9,0.0,0.0,1.5,14.6,20.1,109,115,
Andrew Toney,toneyan01,198305080PHI,PHI,game,True,30:00,.712,.733,.000,.067,4.2,4.1,4.2,32.0,1.7,0.0,16.3,25.9,132,112,
Marc Iavaroni,iavarma01,198305080PHI,PHI,game,True,22:00,.507,.500,.000,.250,22.9,16.8,19.8,12.9,4.8,0.0,10.1,18.9,124,101,
Bobby Jones,jonesbo01,198305080PHI,PHI,game,False,35:00,.381,.286,.000,.286,18.0,14.1,16.0,13.8,3.0,1.8,20.2,11.9,107,105,
Clint Richardson,richacl01,198305080PHI,PHI,game,False,26:00,.514,.429,.000,.571,4.9,4.7,4.8,5.0,2.0,0.0,0.0,14.2,140,111,
Clemon Johnson,johnscl01,198305080PHI,PHI,game,False,14:00,.600,.600,.000,.000,18.0,8.8,13.4,0.0,0.0,0.0,28.6,21.1,96,113,
Franklin Edwards,edwarfr01,198305080PHI,PHI,game,False,6:00,,,,,0.0,20.5,10.4,37.6,8.7,0.0,100.0,7.0,66,90,
George Gervin,gervige01,198305080LAL,SAS,game,True,42:00,.551,.500,.000,.200,9.0,13.4,11.6,3.4,1.1,1.2,29.3,30.6,81,113,
Mike Mitchell,mitchmi01,198305080LAL,SAS,game,True,41:00,.630,.556,.000,.333,3.1,13.8,9.2,3.5,0.0,0.0,4.6,22.0,128,117,
Johnny Moore,moorejo01,198305080LAL,SAS,game,True,40:00,.606,.583,.222,.333,0.0,9.4,5.4,65.5,2.3,1.3,12.7,24.7,128,112,
Gene Banks,banksge01,198305080LAL,SAS,game,True,35:00,.571,.571,.000,.000,10.8,10.8,10.8,8.1,0.0,0.0,6.7,17.9,117,118,
Artis Gilmore,gilmoar01,198305080LAL,SAS,game,True,32:00,.444,.429,.000,.286,3.9,14.7,10.1,11.1,0.0,6.3,27.6,14.2,79,111,
Edgar Jones,jonesed01,198305080LAL,SAS,game,False,17:00,.250,.250,.250,.000,0.0,22.1,12.7,0.0,0.0,0.0,20.0,12.3,43,113,
Billy Paultz,paultbi01,198305080LAL,SAS,game,False,16:00,,,,,7.9,23.5,16.9,13.3,0.0,0.0,100.0,2.6,92,113,
Mike Dunleavy,dunlemi01,198305080LAL,SAS,game,False,14:00,.625,.625,.500,.000,0.0,0.0,0.0,9.0,3.3,0.0,33.3,17.9,81,114,
Roger Phegley,pheglro01,198305080LAL,SAS,game,False,1:00,,,,,0.0,0.0,0.0,0.0,0.0,0.0,,0.0,,121,
Mike Sanders,sandemi01,198305080LAL,SAS,game,False,1:00,1.000,1.000,.000,.000,100.0,94.1,100.0,-1000.0,0.0,0.0,0.0,41.8,203,91,
Robert Smith,smithro01,198305080LAL,SAS,game,False,1:00,,,,,0.0,0.0,0.0,0.0,0.0,0.0,,0.0,,121,
Kareem Abdul-Jabbar,abdulka01,198305080LAL,LAL,game,True,44:00,.534,.520,.000,.280,2.1,20.1,9.8,6.5,2.1,4.1,9.7,27.5,103,100,
Norm Nixon,nixonno01,198305080LAL,LAL,game,True,42:00,.626,.550,.000,.450,2.2,6.0,3.9,25.8,1.1,0.0,7.7,24.1,131,108,
Magic Johnson,johnsma02,198305080LAL,LAL,game,True,38:00,.663,.600,.000,.300,2.5,16.6,8.5,37.5,2.4,0.0,0.0,11.6,159,103,
Jamaal Wilkes,wilkeja01,198305080LAL,LAL,game,True,36:00,.462,.421,.000,.316,7.8,17.5,12.0,25.0,0.0,1.7,12.2,26.7,101,107,
Kurt Rambis,rambiku01,198305080LAL,LAL,game,True,18:00,.822,1.000,.000,2.333,20.9,28.1,24.0,0.0,0.0,0.0,14.1,15.3,145,106,
Michael Cooper,coopemi01,198305080LAL,LAL,game,False,28:00,.556,.556,.000,.000,13.4,4.5,9.6,8.7,5.0,2.2,18.2,15.3,108,99,
Bob McAdoo,mcadobo01,198305080LAL,LAL,game,False,22:00,.286,.286,.000,.000,8.6,23.0,14.7,10.0,4.2,2.8,12.5,14.2,79,96,
Mark Landsberger,landsma01,198305080LAL,LAL,game,False,10:00,.000,.000,.000,.000,9.4,0.0,5.4,0.0,0.0,0.0,0.0,3.9,67,112,
Clay Johnson,johnscl02,198305080LAL,LAL,game,False,1:00,.000,.000,.000,.000,0.0,0.0,0.0,0.0,0.0,0.0,50.0,78.0,0,112,
Mike McGee,mcgeemi01,198305080LAL,LAL,game,False,1:00,.000,.000,.000,.000,0.0,0.0,0.0,0.0,0.0,0.0,0.0,39.0,0,112,
Gene Banks,banksge01,198305100LAL,SAS,game,True,45:00,.421,.429,.000,.429,6.8,4.0,5.3,17.5,1.0,0.0,15.3,16.2,94,107,
Artis Gilmore,gilmoar01,198305100LAL,SAS,game,True,44:00,.708,.688,.000,.438,13.9,28.8,21.8,2.9,2.9,5.9,20.8,20.4,117,91,
Johnny Moore,moorejo01,198305100LAL,SAS,game,True,42:00,.639,.444,.000,.889,2.4,6.5,4.6,38.6,3.1,0.0,32.4,16.4,114,102,
George Gervin,gervige01,198305100LAL,SAS,game,True,39:00,.649,.591,.045,.273,5.2,2.3,3.7,18.6,1.1,0.0,19.6,29.2,112,107,
Mike Mitchell,mitchmi01,198305100LAL,SAS,game,True,39:00,.620,.600,.000,.200,7.9,30.2,19.7,0.0,0.0,4.0,8.4,22.7,120,98,
Mike Dunleavy,dunlemi01,198305100LAL,SAS,game,False,15:00,.000,.000,.600,.000,0.0,0.0,0.0,26.1,2.9,0.0,0.0,12.4,50,104,
Edgar Jones,jonesed01,198305100LAL,SAS,game,False,12:00,.676,.750,.000,.250,8.5,15.1,12.0,10.8,0.0,8.6,31.1,20.0,90,99,
Billy Paultz,paultbi01,198305100LAL,SAS,game,False,4:00,.000,.000,.000,.000,0.0,45.3,24.0,0.0,0.0,0.0,0.0,9.3,0,97,
Magic Johnson,johnsma02,198305100LAL,LAL,game,True,43:00,.537,.522,.043,.304,12.6,14.3,13.4,22.6,4.0,1.3,23.5,29.7,95,104,
Kareem Abdul-Jabbar,abdulka01,198305100LAL,LAL,game,True,42:00,.563,.563,.000,.125,2.2,7.3,4.6,6.1,3.1,5.3,10.6,16.8,107,105,
Norm Nixon,nixonno01,198305100LAL,LAL,game,True,41:00,.709,.667,.111,.222,2.2,2.5,2.3,36.7,1.0,0.0,13.2,20.8,136,114,
Jamaal Wilkes,wilkeja01,198305100LAL,LAL,game,True,36:00,.448,.385,.000,.462,7.5,5.7,6.7,6.5,0.0,0.0,6.0,17.3,103,115,
Kurt Rambis,rambiku01,198305100LAL,LAL,game,True,27:00,.317,.286,.000,.286,10.1,18.9,14.2,12.0,0.0,2.0,0.0,10.9,101,110,
Michael Cooper,coopemi01,198305100LAL,LAL,game,False,29:00,.500,.500,.200,.000,3.1,24.7,13.2,12.5,1.5,0.0,28.6,18.1,80,107,
Bob McAdoo,mcadobo01,198305100LAL,LAL,game,False,22:00,.349,.333,.083,.167,4.1,32.5,17.5,0.0,2.0,2.5,7.2,23.6,75,103,
Junior Bridgeman,bridgju01,198305110PHI,MIL,game,True,41:00,.211,.083,.000,.417,5.2,11.1,8.1,11.4,1.3,1.5,22.0,20.1,51,99,
Marques Johnson,johnsma01,198305110PHI,MIL,game,True,41:00,.615,.632,.000,.158,15.6,13.9,14.8,6.5,2.6,1.5,12.9,25.7,113,96,
Sidney Moncrief,moncrsi01,198305110PHI,MIL,game,True,41:00,.547,.471,.000,.294,2.6,8.4,5.4,15.5,6.5,1.5,9.4,23.4,112,90,
Bob Lanier,laniebo01,198305110PHI,MIL,game,True,30:00,.644,.667,.000,.667,10.7,26.7,18.4,25.0,0.0,2.1,34.0,17.7,95,97,
Paul Pressey,presspa01,198305110PHI,MIL,game,True,13:00,.250,.250,.000,.000,8.2,26.4,17.0,26.1,0.0,0.0,33.3,20.9,54,99,
Brian Winters,wintebr01,198305110PHI,MIL,game,False,30:00,.322,.167,.167,.667,0.0,3.8,1.8,21.1,0.0,0.0,27.9,16.2,65,105,
Harvey Catchings,catchha01,198305110PHI,MIL,game,False,16:00,.333,.333,.000,.000,13.3,28.6,20.7,0.0,3.3,0.0,0.0,8.5,98,92,
Alton Lister,listeal01,198305110PHI,MIL,game,False,16:00,.000,.000,.000,.000,0.0,21.4,10.3,18.8,0.0,7.8,0.0,14.1,22,93,
Charlie Criss,crissch01,198305110PHI,MIL,game,False,12:00,.727,.667,.000,.333,0.0,9.5,4.6,0.0,4.4,0.0,0.0,25.9,152,95,
Moses Malone,malonmo01,198305110PHI,PHI,game,True,43:00,.647,.647,.000,.412,10.6,32.2,21.8,4.9,1.2,1.4,4.7,22.7,131,84,
Maurice Cheeks,cheekma01,198305110PHI,PHI,game,True,37:00,.486,.467,.000,.067,3.1,8.6,6.0,20.0,0.0,0.0,11.5,21.8,98,98,
Julius Erving,ervinju01,198305110PHI,PHI,game,True,33:00,.273,.273,.000,.000,6.9,9.7,8.4,9.5,0.0,1.9,26.7,21.0,54,96,
Andrew Toney,toneyan01,198305110PHI,PHI,game,True,29:00,.442,.400,.000,.300,0.0,0.0,0.0,30.4,3.7,0.0,11.7,40.9,88,94,
Marc Iavaroni,iavarma01,198305110PHI,PHI,game,True,20:00,.500,.500,.000,.000,0.0,16.0,8.3,7.9,2.7,3.1,20.0,11.6,86,87,
Bobby Jones,jonesbo01,198305110PHI,PHI,game,False,27:00,.615,.500,.000,.500,8.5,4.0,6.1,5.7,4.0,11.5,38.1,13.5,88,84,
Clint Richardson,richacl01,198305110PHI,PHI,game,False,24:00,.532,.000,.000,2.000,0.0,8.9,4.6,11.4,2.2,0.0,34.7,16.7,82,93,
Clemon Johnson,johnscl01,198305110PHI,PHI,game,False,21:00,1.000,1.000,.000,.000,5.4,25.4,15.8,0.0,2.5,3.0,0.0,4.4,200,84,
Franklin Edwards,edwarfr01,198305110PHI,PHI,game,False,6:00,.000,.000,.000,.000,19.0,0.0,9.2,45.7,8.9,0.0,0.0,7.7,100,84,
Maurice Cheeks,cheekma01,198305140MIL,PHI,game,True,37:00,.474,.438,.000,.125,3.8,5.1,4.6,35.5,1.3,0.0,22.9,25.5,93,103,
Moses Malone,malonmo01,198305140MIL,PHI,game,True,37:00,.655,.563,.000,.438,11.4,28.0,21.4,4.3,0.0,2.8,17.3,26.9,117,96,
Julius Erving,ervinju01,198305140MIL,PHI,game,True,32:00,.666,.625,.000,.500,8.8,17.6,14.1,11.1,1.5,0.0,4.9,27.7,136,98,
Andrew Toney,toneyan01,198305140MIL,PHI,game,True,28:00,.447,.400,.000,.267,5.0,10.1,8.1,21.6,1.8,0.0,5.6,27.4,103,100,
Marc Iavaroni,iavarma01,198305140MIL,PHI,game,True,22:00,.347,.000,.000,1.000,6.4,17.1,12.8,0.0,0.0,0.0,41.0,9.6,57,101,
Bobby Jones,jonesbo01,198305140MIL,PHI,game,False,34:00,.750,.750,.000,.000,4.2,13.8,10.0,0.0,2.9,0.0,11.1,11.4,131,97,
Clint Richardson,richacl01,198305140MIL,PHI,game,False,27:00,.500,.500,.000,.000,0.0,13.9,8.4,19.4,1.8,0.0,14.3,11.2,105,99,
Clemon Johnson,johnscl01,198305140MIL,PHI,game,False,12:00,,,,,11.8,15.7,14.1,0.0,0.0,8.7,100.0,7.2,28,94,
Reggie Johnson,johnsre01,198305140MIL,PHI,game,False,6:00,.500,.500,.000,.000,0.0,0.0,0.0,23.5,0.0,0.0,0.0,14.4,122,108,
Franklin Edwards,edwarfr01,198305140MIL,PHI,game,False,5:00,.000,.000,.000,.000,0.0,0.0,0.0,68.6,0.0,0.0,33.3,25.9,47,107,
Marques Johnson,johnsma01,198305140MIL,MIL,game,True,44:00,.300,.300,.000,.000,4.3,16.0,9.0,19.0,1.1,1.3,0.0,19.3,82,111,
Sidney Moncrief,moncrsi01,198305140MIL,MIL,game,True,44:00,.529,.429,.000,.643,10.7,16.0,12.8,9.5,4.5,1.3,0.0,17.3,127,104,
Junior Bridgeman,bridgju01,198305140MIL,MIL,game,True,42:00,.591,.579,.000,.158,2.2,16.8,8.1,16.1,2.4,1.4,19.7,25.6,97,108,
Brian Winters,wintebr01,198305140MIL,MIL,game,True,35:00,.167,.167,.250,.000,2.7,0.0,1.6,25.1,0.0,1.7,7.7,15.7,61,116,
Bob Lanier,laniebo01,198305140MIL,MIL,game,True,26:00,.680,.700,.000,.400,7.2,10.9,8.7,26.3,0.0,6.7,20.3,24.1,112,110,
Alton Lister,listeal01,198305140MIL,MIL,game,False,22:00,.429,.375,.000,.375,4.3,25.7,12.8,6.3,2.3,5.3,0.0,18.0,101,103,
Paul Pressey,presspa01,198305140MIL,MIL,game,False,11:00,.317,.286,.000,.286,8.6,12.8,10.3,0.0,0.0,5.3,0.0,30.4,77,111,
Charlie Criss,crissch01,198305140MIL,MIL,game,False,9:00,1.000,1.000,.000,.000,0.0,0.0,0.0,0.0,22.0,0.0,0.0,14.1,200,73,
Harvey Catchings,catchha01,198305140MIL,MIL,game,False,7:00,.500,.500,.000,.000,13.4,40.3,24.2,0.0,0.0,0.0,0.0,12.1,119,109,
Magic Johnson,johnsma02,198305150SAS,LAL,game,True,44:00,.752,.643,.000,1.071,5.3,17.2,11.0,51.3,1.1,0.0,12.7,23.3,151,124,
Jamaal Wilkes,wilkeja01,198305150SAS,LAL,game,True,39:00,.629,.632,.053,.105,3.0,6.5,4.7,11.8,2.5,0.0,0.0,22.2,132,126,
Norm Nixon,nixonno01,198305150SAS,LAL,game,True,36:00,.450,.429,.000,.071,3.3,3.5,3.4,31.6,4.1,0.0,12.2,19.9,105,123,
Kareem Abdul-Jabbar,abdulka01,198305150SAS,LAL,game,True,35:00,.601,.526,.000,.316,10.0,10.8,10.4,4.2,1.4,2.7,4.4,28.1,127,125,
Kurt Rambis,rambiku01,198305150SAS,LAL,game,True,32:00,.750,.750,.000,.000,7.3,15.8,11.4,3.6,1.5,1.5,20.0,6.8,130,123,
Michael Cooper,coopemi01,198305150SAS,LAL,game,False,30:00,.647,.250,.000,3.000,3.9,4.2,4.1,7.2,0.0,0.0,0.0,13.5,155,132,
Bob McAdoo,mcadobo01,198305150SAS,LAL,game,False,21:00,.658,.625,.000,.750,11.1,18.0,14.5,0.0,4.7,2.3,15.8,26.2,115,116,
Dwight Jones,jonesdw01,198305150SAS,LAL,game,False,2:00,,,,,0.0,0.0,0.0,0.0,0.0,0.0,,0.0,,133,
Steve Mix,mixst01,198305150SAS,LAL,game,False,1:00,1.136,,,,0.0,0.0,0.0,0.0,0.0,0.0,0.0,38.3,250,133,
Mike Mitchell,mitchmi01,198305150SAS,SAS,game,True,45:00,.586,.569,.034,.069,14.0,15.6,14.9,3.0,0.0,2.6,9.1,28.0,125,132,
Johnny Moore,moorejo01,198305150SAS,SAS,game,True,43:00,.528,.500,.158,.105,2.9,10.9,7.1,44.2,3.4,0.0,9.1,19.5,136,128,
George Gervin,gervige01,198305150SAS,SAS,game,True,39:00,.437,.409,.000,.091,3.2,12.0,7.8,11.7,1.3,1.5,14.9,26.4,96,131,
Artis Gilmore,gilmoar01,198305150SAS,SAS,game,True,35:00,.582,.600,.000,.200,10.8,20.1,15.6,3.4,0.0,0.0,10.9,20.0,118,133,
Gene Banks,banksge01,198305150SAS,SAS,game,True,24:00,.506,.500,.000,.200,26.3,14.6,20.3,18.6,2.0,0.0,15.5,20.5,117,130,
Edgar Jones,jonesed01,198305150SAS,SAS,game,False,25:00,.525,.333,.000,1.333,10.1,14.0,12.2,7.5,0.0,0.0,0.0,7.3,150,134,
Mike Dunleavy,dunlemi01,198305150SAS,SAS,game,False,14:00,.333,.333,.333,.000,0.0,0.0,0.0,6.9,0.0,0.0,0.0,8.2,105,137,
Billy Paultz,paultbi01,198305150SAS,SAS,game,False,13:00,.820,.750,.000,.500,9.7,27.0,18.7,17.6,0.0,0.0,0.0,14.4,186,132,
Roger Phegley,pheglro01,198305150SAS,SAS,game,False,1:00,,,,,0.0,0.0,0.0,0.0,0.0,0.0,,0.0,,137,
Mike Sanders,sandemi01,198305150SAS,SAS,game,False,1:00,,,,,0.0,0.0,0.0,0.0,0.0,0.0,,0.0,,137,
Julius Erving,ervinju01,198305150MIL,PHI,game,True,43:00,.484,.412,.059,.353,7.0,5.6,6.3,8.2,3.5,3.9,4.8,20.7,108,104,
Moses Malone,malonmo01,198305150MIL,PHI,game,True,39:00,.418,.368,.000,.158,10.3,24.6,16.8,9.3,2.6,2.9,9.0,24.7,92,100,
Maurice Cheeks,cheekma01,198305150MIL,PHI,game,True,37:00,.381,.286,.000,.500,0.0,6.5,2.9,34.8,2.7,1.5,5.5,21.1,95,107,
Andrew Toney,toneyan01,198305150MIL,PHI,game,True,30:00,.508,.476,.095,.286,0.0,20.0,9.1,8.4,1.7,0.0,20.2,42.6,81,105,
Marc Iavaroni,iavarma01,198305150MIL,PHI,game,True,27:00,.315,.000,.000,1.333,14.8,0.0,8.1,10.2,1.9,2.1,0.0,7.6,114,110,
Bobby Jones,jonesbo01,198305150MIL,PHI,game,False,22:00,.333,.333,.000,.000,4.5,27.3,14.9,19.9,0.0,0.0,25.0,7.8,83,106,
Clint Richardson,richacl01,198305150MIL,PHI,game,False,21:00,.761,.714,.000,.286,9.5,5.7,7.8,9.7,4.8,0.0,0.0,16.2,162,104,
Clemon Johnson,johnscl01,198305150MIL,PHI,game,False,13:00,.000,.000,.000,.000,0.0,18.5,8.4,0.0,0.0,0.0,50.0,6.6,0,109,
Franklin Edwards,edwarfr01,198305150MIL,PHI,game,False,8:00,1.064,1.000,.000,2.000,0.0,0.0,0.0,20.7,0.0,0.0,0.0,10.1,223,115,
Marques Johnson,johnsma01,198305150MIL,MIL,game,True,42:00,.519,.529,.000,.176,5.7,19.0,13.0,29.8,0.0,0.0,14.1,21.2,107,102,
Sidney Moncrief,moncrsi01,198305150MIL,MIL,game,True,40:00,.437,.421,.000,.053,12.0,12.5,12.3,11.5,0.0,0.0,13.4,23.4,94,105,
Bob Lanier,laniebo01,198305150MIL,MIL,game,True,31:00,.666,.636,.000,.364,7.7,12.9,10.6,10.3,3.3,9.3,13.6,19.9,123,91,
Junior Bridgeman,bridgju01,198305150MIL,MIL,game,True,26:00,.824,.778,.000,.333,4.6,11.5,8.4,13.2,1.9,0.0,16.2,19.8,138,101,
Brian Winters,wintebr01,198305150MIL,MIL,game,True,16:00,.444,.444,.000,.000,0.0,0.0,0.0,10.3,0.0,3.6,25.0,31.3,70,107,
Charlie Criss,crissch01,198305150MIL,MIL,game,False,34:00,.585,.200,.200,2.000,0.0,14.7,8.0,25.0,3.0,0.0,9.6,12.8,139,98,
Alton Lister,listeal01,198305150MIL,MIL,game,False,23:00,.444,.444,.000,.000,15.7,21.7,19.0,6.4,2.2,2.5,18.2,19.9,89,95,
Paul Pressey,presspa01,198305150MIL,MIL,game,False,23:00,.218,.167,.000,.333,15.7,17.4,16.6,21.5,4.4,5.0,30.4,17.9,65,90,
Harvey Catchings,catchha01,198305150MIL,MIL,game,False,5:00,.000,.000,.000,.000,0.0,0.0,0.0,0.0,0.0,0.0,0.0,8.3,0,110,
Marques Johnson,johnsma01,198305180PHI,MIL,game,True,45:00,.413,.333,.048,.476,12.3,5.3,9.3,6.6,1.1,2.5,13.6,26.1,95,122,
Junior Bridgeman,bridgju01,198305180PHI,MIL,game,True,43:00,.556,.556,.167,.000,2.1,5.6,3.6,18.6,3.5,0.0,10.0,18.6,122,119,
Sidney Moncrief,moncrsi01,198305180PHI,MIL,game,True,37:00,.444,.333,.000,.500,7.5,0.0,4.2,7.5,1.3,0.0,25.5,21.2,84,124,
Bob Lanier,laniebo01,198305180PHI,MIL,game,True,26:00,.478,.417,.000,.500,3.6,18.5,10.0,0.0,1.9,4.4,0.0,22.5,119,115,
Brian Winters,wintebr01,198305180PHI,MIL,game,True,10:00,.500,.500,.000,.000,18.5,12.0,15.7,31.6,0.0,0.0,0.0,16.0,141,124,
Charlie Criss,crissch01,198305180PHI,MIL,game,False,29:00,.512,.375,.000,.500,3.2,16.6,9.0,9.4,3.4,0.0,0.0,13.4,136,116,
Alton Lister,listeal01,198305180PHI,MIL,game,False,24:00,.667,.667,.083,.000,19.2,35.0,26.1,0.0,2.1,9.5,14.3,23.3,126,107,
Paul Pressey,presspa01,198305180PHI,MIL,game,False,18:00,.370,.400,.200,.800,15.4,20.0,17.4,7.7,2.8,6.3,22.8,19.4,78,111,
Harvey Catchings,catchha01,198305180PHI,MIL,game,False,8:00,,,,,0.0,15.0,6.5,0.0,0.0,0.0,,0.0,,123,
Moses Malone,malonmo01,198305180PHI,PHI,game,True,41:00,.709,.667,.000,.222,17.6,24.8,21.6,0.0,2.4,5.4,4.8,21.0,149,96,
Julius Erving,ervinju01,198305180PHI,PHI,game,True,40:00,.555,.526,.000,.316,12.0,13.8,13.0,10.6,0.0,4.2,27.0,30.7,92,107,
Andrew Toney,toneyan01,198305180PHI,PHI,game,True,38:00,.761,.714,.000,.929,3.2,9.7,6.9,26.5,0.0,0.0,23.3,28.0,124,111,
Maurice Cheeks,cheekma01,198305180PHI,PHI,game,True,36:00,.431,.364,.000,.364,0.0,2.6,1.4,26.2,1.4,0.0,0.0,14.7,125,113,
Marc Iavaroni,iavarma01,198305180PHI,PHI,game,True,13:00,.500,.500,.000,.000,18.5,14.2,16.1,17.5,3.8,4.3,0.0,6.4,153,98,
Bobby Jones,jonesbo01,198305180PHI,PHI,game,False,30:00,.680,.600,.000,.400,0.0,12.3,7.0,15.5,1.7,3.7,0.0,8.1,163,105,
Clint Richardson,richacl01,198305180PHI,PHI,game,False,20:00,.551,.600,.000,.200,6.0,9.2,7.8,18.6,5.0,0.0,0.0,11.3,137,101,
Clemon Johnson,johnscl01,198305180PHI,PHI,game,False,19:00,.279,.333,.000,.444,12.6,0.0,5.5,6.6,0.0,0.0,8.5,25.6,71,116,
Earl Cureton,curetea01,198305180PHI,PHI,game,False,1:00,.000,.000,.000,.000,0.0,0.0,0.0,0.0,0.0,0.0,50.0,82.8,0,117,
Franklin Edwards,edwarfr01,198305180PHI,PHI,game,False,1:00,,,,,0.0,0.0,0.0,0.0,0.0,0.0,,0.0,,117,
Mark McNamara,mcnamma01,198305180PHI,PHI,game,False,1:00,,,,,0.0,0.0,0.0,0.0,0.0,0.0,,0.0,,117,
Magic Johnson,johnsma02,198305220PHI,LAL,game,True,43:00,.582,.533,.000,.200,11.6,8.6,10.0,35.0,1.1,0.0,15.5,17.6,124,114,
Norm Nixon,nixonno01,198305220PHI,LAL,game,True,41:00,.535,.522,.000,.130,0.0,9.0,4.7,11.7,2.3,0.0,11.0,26.1,105,112,
Kareem Abdul-Jabbar,abdulka01,198305220PHI,LAL,game,True,39:00,.567,.533,.000,.400,2.6,7.1,4.9,10.8,0.0,3.8,5.4,18.7,122,115,
Jamaal Wilkes,wilkeja01,198305220PHI,LAL,game,True,34:00,.533,.533,.067,.000,2.9,10.9,7.1,4.3,1.4,0.0,16.7,20.8,95,113,
Kurt Rambis,rambiku01,198305220PHI,LAL,game,True,19:00,.377,.000,.000,1.500,10.5,19.4,15.2,0.0,0.0,5.3,23.1,17.8,77,108,
Michael Cooper,coopemi01,198305220PHI,LAL,game,False,28:00,.431,.364,.091,.364,7.1,9.9,8.6,4.6,3.4,1.8,13.6,20.7,91,108,
Mark Landsberger,landsma01,198305220PHI,LAL,game,False,19:00,.291,.167,.000,.333,21.1,29.1,25.3,0.0,0.0,5.3,0.0,14.2,97,104,
Dwight Jones,jonesdw01,198305220PHI,LAL,game,False,9:00,.000,.000,.000,.667,0.0,20.5,10.7,0.0,0.0,0.0,20.5,21.3,0,111,
Clay Johnson,johnscl02,198305220PHI,LAL,game,False,7:00,.750,.750,.000,.000,14.3,13.2,13.7,29.3,6.7,0.0,0.0,22.4,161,100,
Steve Mix,mixst01,198305220PHI,LAL,game,False,1:00,,,,,0.0,0.0,0.0,0.0,0.0,0.0,,0.0,,121,
Moses Malone,malonmo01,198305220PHI,PHI,game,True,41:00,.534,.450,.000,.600,15.8,26.8,21.1,0.0,2.3,3.7,10.6,26.8,114,100,
Julius Erving,ervinju01,198305220PHI,PHI,game,True,39:00,.484,.444,.000,.333,9.5,15.4,12.3,31.5,1.2,6.5,4.6,21.5,123,104,
Andrew Toney,toneyan01,198305220PHI,PHI,game,True,39:00,.593,.500,.000,.389,0.0,2.6,1.2,14.5,0.0,0.0,4.5,22.0,133,115,
Marc Iavaroni,iavarma01,198305220PHI,PHI,game,True,26:00,.750,.750,.000,.000,3.6,23.1,12.9,0.0,1.8,2.0,0.0,6.0,160,103,
Maurice Cheeks,cheekma01,198305220PHI,PHI,game,True,25:00,.455,.455,.000,.000,7.4,4.0,5.8,27.1,3.8,0.0,31.3,24.8,80,107,
Clint Richardson,richacl01,198305220PHI,PHI,game,False,31:00,.582,.583,.000,.167,6.0,6.5,6.2,13.6,6.1,0.0,7.2,17.4,124,102,
Bobby Jones,jonesbo01,198305220PHI,PHI,game,False,28:00,.254,.286,.000,.286,3.3,10.7,6.9,20.6,1.7,7.3,27.6,15.1,63,104,
Clemon Johnson,johnscl01,198305220PHI,PHI,game,False,9:00,.400,.400,.000,.000,30.8,22.2,26.7,0.0,0.0,0.0,0.0,21.6,115,108,
Franklin Edwards,edwarfr01,198305220PHI,PHI,game,False,1:00,.532,.000,.000,2.000,92.3,0.0,48.0,0.0,0.0,0.0,0.0,73.0,150,116,
Reggie Johnson,johnsre01,198305220PHI,PHI,game,False,1:00,,,,,0.0,0.0,0.0,0.0,0.0,0.0,,0.0,,116,
Magic Johnson,johnsma02,198305260PHI,LAL,game,True,44:00,.429,.429,.071,.000,7.8,13.0,10.4,37.9,3.4,1.3,22.2,17.3,100,105,
Jamaal Wilkes,wilkeja01,198305260PHI,LAL,game,True,41:00,.388,.381,.000,.095,16.7,2.8,9.8,6.8,3.6,2.9,4.4,23.7,96,107,
Norm Nixon,nixonno01,198305260PHI,LAL,game,True,38:00,.308,.308,.154,.000,0.0,6.0,3.0,19.5,0.0,1.5,23.5,19.0,67,114,
Kareem Abdul-Jabbar,abdulka01,198305260PHI,LAL,game,True,34:00,.643,.647,.000,.118,0.0,13.4,6.7,14.9,1.5,5.2,14.4,26.0,113,106,
Kurt Rambis,rambiku01,198305260PHI,LAL,game,True,21:00,.605,.571,.000,.143,5.4,21.8,13.6,0.0,2.4,2.8,28.7,21.1,86,103,
Michael Cooper,coopemi01,198305260PHI,LAL,game,False,28:00,.857,.857,.000,.000,0.0,16.3,8.2,5.1,0.0,0.0,12.5,12.1,144,111,
Bob McAdoo,mcadobo01,198305260PHI,LAL,game,False,19:00,.500,.500,.300,.000,6.0,36.1,21.1,7.5,5.2,6.2,23.1,29.0,83,90,
Mark Landsberger,landsma01,198305260PHI,LAL,game,False,12:00,.500,.500,.500,.000,28.6,0.0,14.3,0.0,0.0,0.0,33.3,10.6,95,116,
Clay Johnson,johnscl02,198305260PHI,LAL,game,False,2:00,,,,,0.0,0.0,0.0,0.0,0.0,0.0,,0.0,,117,
Mike McGee,mcgeemi01,198305260PHI,LAL,game,False,1:00,,,,,0.0,0.0,0.0,0.0,0.0,0.0,,0.0,,117,
Julius Erving,ervinju01,198305260PHI,PHI,game,True,39:00,.391,.353,.000,.118,2.9,17.6,10.3,7.5,1.3,4.4,5.3,20.2,95,95,
Maurice Cheeks,cheekma01,198305260PHI,PHI,game,True,37:00,.586,.571,.000,.357,0.0,6.2,3.1,35.0,4.0,0.0,5.8,19.4,131,96,
Andrew Toney,toneyan01,198305260PHI,PHI,game,True,37:00,.460,.389,.056,.333,12.4,0.0,6.2,21.0,2.7,0.0,25.3,31.2,87,101,
Moses Malone,malonmo01,198305260PHI,PHI,game,True,31:00,.763,.800,.000,1.300,14.7,29.5,22.1,5.6,0.0,0.0,27.6,29.2,111,97,
Marc Iavaroni,iavarma01,198305260PHI,PHI,game,True,29:00,.580,.500,.000,.667,7.9,15.8,11.8,9.4,0.0,0.0,0.0,11.2,143,101,
Bobby Jones,jonesbo01,198305260PHI,PHI,game,False,28:00,.589,.545,.000,.182,16.3,4.1,10.2,11.5,3.6,6.1,7.8,19.2,130,93,
Clint Richardson,richacl01,198305260PHI,PHI,game,False,21:00,.250,.250,.000,.000,5.4,21.8,13.6,6.1,0.0,0.0,20.0,9.9,65,100,
Earl Cureton,curetea01,198305260PHI,PHI,game,False,17:00,.333,.333,.000,.000,0.0,20.2,10.1,7.6,5.9,0.0,25.0,9.8,65,88,
Franklin Edwards,edwarfr01,198305260PHI,PHI,game,False,1:00,,,,,0.0,0.0,0.0,0.0,0.0,0.0,,0.0,,107,
Maurice Cheeks,cheekma01,198305290LAL,PHI,game,True,43:00,.466,.500,.000,.167,2.3,4.8,3.5,14.6,4.3,0.0,13.4,12.9,101,92,
Moses Malone,malonmo01,198305290LAL,PHI,game,True,40:00,.566,.526,.000,.684,20.0,28.1,24.0,21.8,3.5,0.0,3.9,24.0,136,85,
Julius Erving,ervinju01,198305290LAL,PHI,game,True,39:00,.550,.500,.000,.438,7.7,23.6,15.5,10.5,2.4,1.6,13.6,21.2,114,88,
Andrew Toney,toneyan01,198305290LAL,PHI,game,True,32:00,.466,.421,.000,.421,3.1,3.2,3.2,22.7,2.9,0.0,18.2,32.1,94,95,
Marc Iavaroni,iavarma01,198305290LAL,PHI,game,True,26:00,.694,1.000,.000,1.000,7.7,15.7,11.7,17.9,0.0,0.0,41.0,7.0,97,96,
Bobby Jones,jonesbo01,198305290LAL,PHI,game,False,26:00,.638,.583,.083,.250,11.5,15.7,13.6,11.5,1.8,0.0,23.1,24.9,109,93,
Clint Richardson,richacl01,198305290LAL,PHI,game,False,20:00,.143,.143,.000,.000,10.0,0.0,5.1,5.6,2.3,3.0,22.2,16.8,46,96,
Clemon Johnson,johnscl01,198305290LAL,PHI,game,False,10:00,.200,.200,.000,.000,20.0,0.0,10.1,11.9,4.7,0.0,0.0,18.7,85,93,
Earl Cureton,curetea01,198305290LAL,PHI,game,False,2:00,,,,,0.0,0.0,0.0,0.0,0.0,0.0,,0.0,,102,
Franklin Edwards,edwarfr01,198305290LAL,PHI,game,False,1:00,,,,,0.0,0.0,0.0,0.0,0.0,0.0,,0.0,,102,
Mark McNamara,mcnamma01,198305290LAL,PHI,game,False,1:00,1.000,1.000,.000,.000,0.0,100.0,50.5,0.0,0.0,0.0,0.0,74.8,200,64,
Magic Johnson,johnsma02,198305290LAL,LAL,game,True,44:00,.508,.250,.083,1.083,7.0,9.1,8.0,46.2,2.1,1.2,31.1,23.3,93,109,
Jamaal Wilkes,wilkeja01,198305290LAL,LAL,game,True,43:00,.500,.500,.000,.000,7.1,7.0,7.1,14.7,3.3,3.6,13.0,21.3,95,107,
Kareem Abdul-Jabbar,abdulka01,198305290LAL,LAL,game,True,42:00,.489,.400,.000,.400,9.7,26.2,18.0,13.8,1.1,2.5,14.5,26.1,97,103,
Norm Nixon,nixonno01,198305290LAL,LAL,game,True,31:00,.368,.167,.000,1.333,6.6,0.0,3.3,23.9,3.0,0.0,24.0,16.1,80,112,
Kurt Rambis,rambiku01,198305290LAL,LAL,game,True,19:00,1.000,1.000,.000,.000,0.0,10.5,5.3,11.8,2.5,5.4,28.6,14.7,114,105,
Michael Cooper,coopemi01,198305290LAL,LAL,game,False,30:00,.333,.333,.000,.000,3.4,3.3,3.4,5.2,0.0,0.0,0.0,8.0,87,116,
Bob McAdoo,mcadobo01,198305290LAL,LAL,game,False,23:00,.466,.417,.083,.167,8.9,21.7,15.4,0.0,6.1,0.0,23.7,29.2,76,96,
Mark Landsberger,landsma01,198305290LAL,LAL,game,False,4:00,,,,,0.0,0.0,0.0,0.0,0.0,0.0,,0.0,,114,
Clay Johnson,johnscl02,198305290LAL,LAL,game,False,3:00,.000,.000,1.000,.000,0.0,0.0,0.0,0.0,0.0,0.0,0.0,13.3,0,119,
Mike McGee,mcgeemi01,198305290LAL,LAL,game,False,1:00,,,,,0.0,0.0,0.0,0.0,0.0,0.0,100.0,39.8,0,119,
Moses Malone,malonmo01,198305310LAL,PHI,game,True,45:00,.462,.409,.000,.409,21.3,36.4,29.2,3.3,1.0,3.6,3.7,24.9,112,98,
Andrew Toney,toneyan01,198305310LAL,PHI,game,True,39:00,.540,.375,.063,.750,3.1,2.8,2.9,32.0,1.2,1.4,19.0,28.0,108,111,
Maurice Cheeks,cheekma01,198305310LAL,PHI,game,True,38:00,.740,.700,.000,.800,0.0,2.9,1.5,26.7,2.5,0.0,18.2,18.1,129,109,
Julius Erving,ervinju01,198305310LAL,PHI,game,True,36:00,.691,.615,.000,.385,3.3,12.1,7.9,25.5,1.3,3.0,20.8,22.1,119,106,
Marc Iavaroni,iavarma01,198305310LAL,PHI,game,True,18:00,.340,.400,.000,.400,13.3,6.1,9.5,14.5,0.0,6.0,33.8,20.5,65,109,
Bobby Jones,jonesbo01,198305310LAL,PHI,game,False,25:00,.825,.857,.000,.286,4.8,8.7,6.9,12.6,7.5,4.3,0.0,13.1,168,94,
Clint Richardson,richacl01,198305310LAL,PHI,game,False,20:00,.510,.400,.000,.400,0.0,10.9,5.7,12.9,0.0,0.0,0.0,12.2,126,111,
Clemon Johnson,johnscl01,198305310LAL,PHI,game,False,19:00,.667,.667,.000,.000,0.0,11.5,6.0,0.0,0.0,2.8,25.0,8.7,90,109,
Magic Johnson,johnsma02,198305310LAL,LAL,game,True,48:00,.514,.381,.048,.571,4.5,12.5,8.3,39.4,1.0,1.3,25.5,28.1,97,113,
Kareem Abdul-Jabbar,abdulka01,198305310LAL,LAL,game,True,40:00,.722,.667,.000,.667,0.0,21.0,10.0,12.4,1.2,1.5,23.6,24.3,112,110,
Michael Cooper,coopemi01,198305310LAL,LAL,game,True,40:00,.547,.500,.182,.182,0.0,9.0,4.3,13.7,4.7,0.0,7.8,12.3,120,107,
Jamaal Wilkes,wilkeja01,198305310LAL,LAL,game,True,39:00,.473,.450,.000,.250,11.2,3.1,7.3,4.1,1.2,0.0,8.3,23.7,102,116,
Kurt Rambis,rambiku01,198305310LAL,LAL,game,True,26:00,.354,.333,.000,.222,4.2,18.5,11.0,10.4,0.0,2.3,9.2,16.0,85,113,
Mark Landsberger,landsma01,198305310LAL,LAL,game,False,21:00,1.000,1.000,.000,.000,15.6,22.9,19.0,12.5,0.0,0.0,0.0,3.6,202,114,
Mike McGee,mcgeemi01,198305310LAL,LAL,game,False,18:00,.333,.333,.000,.000,30.3,13.3,22.2,8.1,0.0,0.0,10.0,21.2,91,116,
Dwight Jones,jonesdw01,198305310LAL,LAL,game,False,8:00,.200,.200,.000,.000,13.6,15.0,14.3,0.0,0.0,0.0,0.0,23.9,62,115,
